,FULL NAME,TEAM,POS,AGE,GP,MPG,MIN%,USG%,TO%,FTA,FT%,2PA,2P%,3PA,3P%,eFG%,TS%,PPG,RPG,TRB%,APG,AST%,SPG,BPG,TOPG,VI,ORTG,DRTG
0,Precious Achiuwa,TOR,F,22,27,24.4,50.8,17.7,11.0,51,0.569,189,0.423,32,0.281,0.423,0.444,8.0,7.5,16.6,1.5,8.6,0.56,0.56,1.11,7.3,99.6,102.9
1,Steven Adams,MEM,C,28,40,25.6,53.4,12.7,20.5,115,0.6,198,0.53,0,0.0,0.53,0.561,7.0,9.4,19.4,3.0,15.1,0.83,0.58,1.6,9.1,121.1,104.7
2,Bam Adebayo,MIA,C-F,24,18,32.9,68.5,25.8,15.3,112,0.759,242,0.521,1,0.0,0.519,0.577,18.7,10.2,17.2,3.2,15.9,1.11,0.33,2.94,10.3,111.0,97.1
3,Santi Aldama,MEM,F-C,21,21,11.3,23.5,17.7,8.0,19,0.579,50,0.56,34,0.118,0.405,0.428,3.8,2.8,13.2,0.6,7.4,0.1,0.29,0.38,6.6,99.1,103.8
4,LaMarcus Aldridge,BKN,C-F,36,29,22.9,47.6,22.2,7.1,52,0.846,258,0.593,35,0.343,0.584,0.611,13.3,5.6,13.0,0.8,5.8,0.38,1.1,0.83,6.8,119.3,104.2
5,Nickeil Alexander-Walker,NOP,G,23,36,27.4,57.0,25.0,10.0,60,0.717,249,0.422,244,0.311,0.444,0.463,13.4,3.6,7.1,2.6,15.2,0.92,0.31,1.61,7.3,95.1,109.8
6,Grayson Allen,MIL,G,26,36,28.4,59.2,16.6,5.8,41,0.854,103,0.476,252,0.389,0.552,0.572,11.9,3.4,6.2,1.3,6.7,0.78,0.39,0.64,5.3,115.0,108.1
7,Jarrett Allen,CLE,C,23,32,32.8,68.4,18.2,13.7,140,0.707,308,0.718,7,0.143,0.706,0.722,17.0,10.8,17.8,1.9,9.3,0.94,1.47,1.88,8.6,133.9,100.4
8,Jose Alvarado,NOP,G,23,12,6.3,13.2,16.8,6.7,11,0.636,12,0.25,11,0.182,0.261,0.341,1.6,0.6,5.0,0.9,19.8,0.5,0.0,0.17,6.0,90.4,103.1
9,Justin Anderson,CLE,F-G,28,3,15.5,32.4,11.0,17.0,4,0.75,2,1.0,6,0.333,0.625,0.666,4.3,2.0,7.0,2.0,17.3,0.33,0.0,0.67,6.7,125.9,100.8
10,Justin Anderson,IND,F-G,28,3,10.1,21.0,19.2,7.5,3,1.0,2,0.5,9,0.111,0.227,0.325,2.7,1.3,7.3,1.0,12.9,0.33,0.33,0.33,6.0,86.1,98.4
11,Kyle Anderson,MEM,F-G,28,33,22.4,46.6,16.9,11.4,53,0.66,173,0.462,68,0.353,0.481,0.505,8.1,5.3,12.5,2.5,15.4,1.03,0.55,1.03,8.5,107.2,103.3
12,Giannis Antetokounmpo,MIL,F,27,33,32.4,67.6,34.8,12.4,349,0.702,480,0.608,129,0.287,0.571,0.616,28.5,11.4,18.4,5.9,34.1,1.06,1.45,3.27,15.3,120.6,96.8
13,Thanasis Antetokounmpo,MIL,F,29,27,12.1,25.3,14.2,15.7,24,0.625,70,0.514,11,0.091,0.463,0.491,3.3,2.9,12.3,0.7,7.9,0.48,0.22,0.63,6.2,104.4,93.9
14,Carmelo Anthony,LAL,F,37,40,27.1,56.5,19.6,6.5,92,0.804,180,0.478,243,0.395,0.544,0.576,13.4,4.2,8.1,1.0,5.4,0.75,0.8,0.8,5.7,113.2,105.1
15,Cole Anthony,ORL,G,21,26,34.0,70.8,27.2,13.0,112,0.857,233,0.468,201,0.348,0.493,0.542,20.2,6.1,9.5,5.9,30.4,0.88,0.19,2.77,10.6,106.7,107.9
16,OG Anunoby,TOR,F,24,21,35.9,74.8,22.5,8.0,67,0.836,188,0.495,149,0.369,0.521,0.555,19.4,5.2,7.9,2.4,10.5,1.71,0.43,1.52,6.9,114.2,106.5
17,Trevor Ariza,LAL,F,36,6,16.9,35.1,6.3,6.7,2,0.5,1,1.0,12,0.5,0.769,0.756,3.5,2.8,8.8,0.8,6.3,0.17,0.17,0.17,4.7,145.5,111.1
18,D.J. Augustin,HOU,G,34,30,15.0,31.2,16.4,22.5,34,0.882,35,0.429,84,0.405,0.555,0.605,5.4,1.1,4.0,2.3,22.3,0.33,0.0,1.3,6.4,108.5,117.9
19,Deni Avdija,WAS,F,21,39,23.4,48.7,15.0,11.7,61,0.721,130,0.538,114,0.298,0.496,0.528,7.3,5.0,11.7,1.6,9.4,0.79,0.72,0.92,6.6,105.1,102.8
20,Joel Ayayi,WAS,G,21,7,2.9,6.0,13.2,0.0,0,0.0,5,0.2,1,0.0,0.167,0.167,0.3,0.4,8.1,0.6,25.4,0.0,0.0,0.0,5.7,0.0,0.0
21,Deandre Ayton,PHX,C,23,25,30.8,64.1,20.6,11.4,72,0.681,287,0.641,7,0.143,0.631,0.645,16.8,11.0,18.7,1.6,8.1,0.76,0.84,1.68,8.7,122.5,98.2
22,Udoka Azubuike,UTA,C-F,22,6,6.7,13.9,8.5,25.4,2,0.5,5,0.8,0,0.0,0.8,0.765,1.5,1.3,10.8,0.0,0.0,0.17,0.33,0.33,0.0,116.3,103.7
23,Marvin Bagley III,SAC,F,22,21,21.0,43.7,18.0,7.5,36,0.722,107,0.523,49,0.224,0.465,0.498,8.1,7.0,17.6,0.7,4.7,0.33,0.24,0.67,6.5,109.2,106.8
24,LaMelo Ball,CHA,G,20,34,31.7,66.1,27.9,14.5,99,0.869,320,0.456,244,0.381,0.506,0.541,19.3,7.4,12.3,7.8,36.9,1.71,0.44,3.03,13.1,110.7,105.3
25,Lonzo Ball,CHI,G,24,31,35.4,73.8,17.3,17.1,22,0.773,116,0.414,233,0.416,0.554,0.563,13.0,5.5,8.5,5.1,19.8,1.84,0.94,2.39,8.1,107.9,104.7
26,Mo Bamba,ORL,C,23,31,28.1,58.6,16.3,12.2,26,0.731,156,0.545,121,0.339,0.529,0.541,10.1,8.4,16.0,1.6,9.0,0.77,2.13,1.29,7.3,107.9,104.2
27,Desmond Bane,MEM,G,23,40,30.0,62.4,22.7,9.0,53,0.906,294,0.514,277,0.422,0.572,0.59,17.5,4.5,8.0,2.4,12.2,1.03,0.5,1.48,7.7,114.8,104.3
28,Dalano Banton,TOR,F,22,32,11.9,24.8,18.0,20.6,24,0.75,91,0.451,26,0.269,0.44,0.474,3.8,2.1,9.3,1.7,20.3,0.38,0.16,1.03,8.0,96.9,103.3
29,Cat Barber,ATL,G,20,3,4.3,8.9,23.0,14.8,4,0.0,4,0.0,0,0.0,0.0,0.0,0.0,1.0,12.7,1.0,27.5,0.0,0.0,0.33,0.0,36.8,110.3
30,Harrison Barnes,SAC,F,29,36,33.4,69.7,19.4,11.7,179,0.832,229,0.467,177,0.418,0.537,0.603,16.3,6.2,9.8,2.3,10.2,0.72,0.19,1.78,7.4,116.7,113.5
31,Scottie Barnes,TOR,F,20,31,35.6,74.2,18.7,12.4,98,0.714,309,0.524,71,0.324,0.517,0.547,14.9,8.1,12.3,3.5,14.9,1.06,0.94,1.94,8.4,114.6,105.8
32,RJ Barrett,NYK,F-G,21,33,31.6,65.8,24.5,10.4,128,0.688,280,0.443,180,0.339,0.468,0.503,15.7,5.5,9.4,2.3,12.4,0.52,0.3,1.82,7.4,99.9,107.0
33,Will Barton,DEN,G,31,33,32.9,68.5,22.0,11.8,50,0.8,237,0.481,213,0.362,0.51,0.529,15.1,5.0,8.4,4.2,19.6,0.91,0.45,1.91,8.3,104.0,109.0
34,Charles Bassey,PHI,C-F,21,17,8.2,17.0,15.6,14.6,11,0.727,33,0.727,3,0.0,0.667,0.686,3.3,3.1,21.1,0.4,6.8,0.18,0.82,0.41,7.8,132.4,90.2
35,Paris Bass,PHX,F,26,2,3.7,7.7,51.6,22.5,2,1.0,4,0.5,2,0.0,0.333,0.436,3.0,2.0,28.3,0.0,0.0,0.5,0.0,1.0,0.0,0.0,0.0
36,Keita Bates-Diop,SAS,F,25,30,15.9,33.1,14.2,14.4,36,0.667,96,0.583,25,0.32,0.562,0.585,5.3,4.0,12.9,0.6,5.2,0.5,0.37,0.77,5.9,110.8,106.7
37,Nicolas Batum,LAC,G-F,33,21,25.3,52.7,12.5,11.9,12,0.5,27,0.815,101,0.396,0.641,0.638,8.1,4.4,9.1,1.5,8.7,1.05,0.76,0.86,6.0,116.2,104.9
38,Kent Bazemore,LAL,G-F,32,23,17.4,36.3,12.2,7.0,13,0.769,47,0.319,53,0.34,0.42,0.445,4.1,2.0,6.1,0.8,6.2,0.83,0.26,0.35,4.3,94.8,100.4
39,Darius Bazley,OKC,F-G,21,33,26.5,55.1,17.8,13.1,69,0.623,169,0.45,113,0.274,0.434,0.461,8.7,6.3,12.1,1.2,7.1,0.79,1.24,1.42,6.1,90.3,107.6
40,Bradley Beal,WAS,G,28,33,36.0,75.0,31.5,13.3,165,0.842,476,0.523,181,0.293,0.5,0.546,24.1,4.6,7.0,6.4,30.8,0.91,0.33,3.39,9.9,106.2,109.3
41,Malik Beasley,MIN,G,25,39,27.3,56.9,20.3,6.4,25,0.72,129,0.457,343,0.335,0.49,0.498,12.3,3.2,6.2,1.7,9.4,0.64,0.13,0.85,5.9,102.3,110.6
42,DeAndre' Bembry,BKN,G-F,27,33,19.9,41.5,11.6,12.5,26,0.577,116,0.629,26,0.462,0.641,0.642,6.0,3.3,8.7,1.3,8.9,0.94,0.58,0.67,5.9,121.5,99.9
43,Davis Bertans,WAS,F,29,26,16.1,33.6,17.8,7.1,28,0.929,25,0.48,119,0.336,0.5,0.544,6.5,1.9,6.4,0.6,5.1,0.42,0.12,0.46,4.8,106.5,105.0
44,Patrick Beverley,MIN,G,33,27,26.7,55.6,15.4,12.4,47,0.702,102,0.529,110,0.327,0.509,0.535,9.2,4.6,9.0,5.2,28.1,1.04,0.89,1.22,9.0,120.1,101.2
45,Saddiq Bey,DET,F,22,38,33.7,70.1,21.0,8.9,106,0.83,258,0.422,266,0.323,0.454,0.494,14.8,6.3,10.1,2.5,12.3,0.97,0.16,1.47,7.3,101.7,109.9
46,Khem Birch,TOR,C,29,20,21.6,45.0,12.2,11.3,37,0.73,87,0.54,7,0.0,0.5,0.549,6.1,5.4,13.5,1.3,7.9,0.85,0.55,0.7,6.5,123.9,106.1
47,Goga Bitadze,IND,C-F,22,21,8.1,16.8,19.2,10.7,18,0.611,31,0.484,28,0.143,0.356,0.396,2.5,2.2,15.0,0.1,2.5,0.48,0.52,0.38,4.0,91.2,92.4
48,Bismack Biyombo,PHX,C,29,3,20.2,42.1,13.1,0.0,8,0.625,15,0.733,0,0.0,0.733,0.729,9.0,5.0,12.9,1.3,9.4,1.0,2.33,0.0,7.7,162.0,97.0
49,Nemanja Bjelica,GSW,F,33,38,15.1,31.5,20.1,16.2,46,0.674,107,0.533,95,0.389,0.557,0.576,6.7,3.9,14.0,1.6,15.2,0.61,0.32,1.13,9.2,108.4,94.1
50,Eric Bledsoe,LAC,G,32,40,26.7,55.6,19.9,18.8,89,0.787,231,0.476,123,0.317,0.476,0.518,10.2,3.6,7.1,4.0,22.3,1.3,0.4,2.28,7.9,98.7,104.3
51,Keljin Blevins,POR,G,26,3,4.7,9.8,18.6,33.3,0,0.0,1,0.0,3,0.667,0.75,0.75,2.0,0.3,3.9,0.3,10.6,0.0,0.0,0.67,4.8,94.3,123.3
52,Bojan Bogdanovic,UTA,F,32,39,30.4,63.3,22.9,10.5,144,0.868,250,0.548,252,0.417,0.587,0.631,18.3,4.2,7.4,1.6,8.0,0.49,0.03,1.69,6.5,119.9,107.6
53,Bogdan Bogdanovic,ATL,G,29,25,28.7,59.8,18.3,8.0,31,0.742,114,0.474,150,0.367,0.517,0.533,11.8,3.6,6.8,2.5,12.3,0.68,0.2,0.96,6.6,108.4,111.3
54,Bol Bol,DEN,C-F,22,13,6.2,12.9,17.8,12.4,3,0.667,23,0.609,4,0.25,0.574,0.583,2.5,1.5,13.7,0.4,9.6,0.08,0.15,0.31,7.4,109.4,107.6
55,Leandro Bolmaro,MIN,F,21,23,8.0,16.7,10.9,25.0,9,0.889,20,0.35,12,0.167,0.313,0.389,1.2,1.5,10.0,0.5,7.7,0.22,0.0,0.52,4.8,86.3,102.3
56,Isaac Bonga,TOR,G,22,12,5.3,11.0,11.9,11.3,6,0.667,9,0.222,4,0.25,0.269,0.352,0.9,0.6,6.0,0.3,6.0,0.58,0.17,0.17,4.1,88.6,95.1
57,Devin Booker,PHX,G,25,32,32.7,68.2,31.4,11.1,147,0.878,411,0.455,205,0.41,0.508,0.555,23.6,5.4,8.6,4.5,21.9,0.97,0.31,2.66,10.2,107.7,101.4
58,Brandon Boston Jr.,LAC,G,20,23,15.6,32.5,22.8,9.1,36,0.833,99,0.404,55,0.291,0.416,0.465,6.9,2.1,7.0,0.8,7.7,0.7,0.22,0.74,5.8,91.8,106.0
59,Chris Boucher,TOR,F-C,29,34,17.4,36.3,20.9,7.6,74,0.757,140,0.579,96,0.24,0.489,0.534,8.4,5.1,15.9,0.4,3.1,0.56,0.91,0.65,5.9,113.8,101.2
60,James Bouknight,CHA,G,21,18,8.2,17.0,22.3,7.8,10,0.8,39,0.308,28,0.393,0.425,0.455,3.6,1.5,9.7,0.8,13.1,0.06,0.0,0.33,7.9,103.2,112.9
61,Avery Bradley,LAL,G,31,32,23.8,49.5,11.8,7.2,5,1.0,81,0.494,111,0.405,0.56,0.566,6.9,2.6,5.7,0.8,4.4,0.91,0.25,0.47,4.1,110.6,106.5
62,Tony Bradley,CHI,C-F,24,24,12.6,26.2,13.5,17.2,9,0.778,73,0.589,0,0.0,0.589,0.604,3.9,4.4,19.2,0.6,6.5,0.21,0.63,0.67,6.9,120.7,99.6
63,Ignas Brazdeikis,ORL,F,23,16,9.0,18.7,14.9,10.1,6,0.833,20,0.4,22,0.182,0.333,0.37,2.1,1.4,8.2,0.5,8.1,0.25,0.06,0.31,5.1,84.1,105.4
64,Miles Bridges,CHA,F,23,38,35.8,74.5,22.3,9.6,147,0.755,357,0.58,227,0.322,0.542,0.573,19.6,7.2,10.6,3.7,15.2,1.16,0.82,1.82,9.0,113.8,110.3
65,Mikal Bridges,PHX,F,25,39,34.0,70.8,13.7,7.3,46,0.848,228,0.592,143,0.406,0.598,0.617,12.4,3.9,6.1,1.8,7.2,1.28,0.46,0.79,5.2,121.9,104.3
66,Oshae Brissett,IND,F-G,23,29,17.7,37.0,15.7,10.8,27,0.556,82,0.512,72,0.375,0.536,0.543,6.2,3.8,11.9,0.8,6.1,0.55,0.24,0.69,6.0,110.1,106.8
67,Malcolm Brogdon,IND,G,29,26,34.3,71.4,24.5,11.6,117,0.855,242,0.529,148,0.311,0.505,0.559,19.0,5.3,8.7,6.1,27.8,0.88,0.42,2.23,9.9,114.9,109.0
68,Armoni Brooks,HOU,G,23,33,18.2,37.8,17.6,7.7,18,0.889,35,0.629,186,0.317,0.5,0.518,7.2,2.0,5.9,1.4,11.8,0.61,0.21,0.58,6.0,105.6,110.4
69,Dillon Brooks,MEM,G-F,25,21,27.9,58.2,29.0,9.1,72,0.889,239,0.469,101,0.327,0.475,0.521,18.4,3.3,6.2,2.7,15.5,1.29,0.19,1.76,7.8,106.0,101.1
70,Chaundee Brown Jr.,LAL,G,23,2,10.3,21.5,16.6,12.5,0,0.0,4,0.25,3,0.0,0.143,0.143,1.0,1.0,5.1,0.0,0.0,0.0,0.0,0.5,0.0,27.0,116.9
71,Charlie Brown Jr.,DAL,G,23,3,5.1,10.7,14.5,0.0,0,0.0,2,0.5,3,0.0,0.2,0.2,0.7,0.3,3.5,0.3,8.7,0.67,0.33,0.0,3.1,55.0,91.5
72,Chaundee Brown Jr.,ATL,G,23,3,27.7,57.7,14.5,0.0,6,0.833,10,0.3,15,0.4,0.48,0.525,9.7,4.7,9.1,1.3,6.5,0.67,0.0,0.0,5.6,117.9,108.0
73,Greg Brown III,POR,F,20,14,5.1,10.7,22.4,13.6,11,0.364,22,0.455,5,0.0,0.37,0.377,1.7,1.4,15.4,0.4,10.4,0.14,0.29,0.36,7.7,84.0,102.7
74,Troy Brown Jr.,CHI,G-F,22,25,14.3,29.8,13.5,6.4,16,0.75,55,0.509,41,0.293,0.479,0.505,4.2,2.7,10.3,1.2,10.8,0.48,0.08,0.28,6.7,111.3,105.6
75,Bruce Brown,BKN,G-F,25,30,22.5,46.9,13.8,9.7,24,0.75,154,0.519,30,0.333,0.516,0.535,6.9,4.5,10.6,1.3,7.8,1.23,0.5,0.7,6.1,111.2,97.9
76,Jaylen Brown,BOS,G-F,25,26,34.4,71.7,31.1,13.1,131,0.771,295,0.525,198,0.364,0.533,0.569,24.1,6.3,9.8,2.9,15.3,1.15,0.5,3.19,8.8,104.3,102.8
77,Moses Brown,DAL,C,22,23,6.9,14.4,21.9,16.7,43,0.628,46,0.587,0,0.0,0.587,0.624,3.5,2.4,19.2,0.0,0.0,0.13,0.35,0.57,0.0,110.4,88.3
78,Sterling Brown,DAL,G-F,26,31,15.2,31.7,13.2,14.3,10,0.9,42,0.524,73,0.356,0.53,0.549,4.2,3.7,13.4,0.9,8.7,0.39,0.16,0.65,6.3,106.6,100.4
79,Jalen Brunson,DAL,G,25,38,30.8,64.2,23.0,10.6,109,0.771,371,0.544,120,0.333,0.534,0.564,16.0,3.7,6.5,5.6,30.4,0.84,0.05,1.68,9.0,115.6,105.3
80,Shaq Buchanan,MEM,G,20,2,4.9,10.2,25.5,33.3,0,0.0,2,0.5,2,0.0,0.25,0.25,1.0,1.0,10.8,1.0,26.5,0.5,0.0,1.0,8.2,60.3,98.9
81,Reggie Bullock,DAL,G-F,30,32,24.5,51.0,12.8,8.0,17,0.765,51,0.549,148,0.318,0.495,0.509,6.6,2.9,6.5,1.1,6.3,0.44,0.16,0.56,4.5,100.7,106.3
82,Trey Burke,DAL,G,29,19,13.6,28.3,26.3,10.6,17,0.941,79,0.494,49,0.327,0.492,0.524,7.5,1.2,4.7,2.1,26.1,0.42,0.0,0.84,7.8,104.8,104.3
83,Alec Burks,NYK,G,30,39,27.4,57.2,18.7,8.0,123,0.813,179,0.374,183,0.404,0.492,0.548,11.7,4.2,8.3,2.4,13.5,1.28,0.28,0.92,7.2,114.5,103.6
84,Jared Butler,UTA,G,21,20,5.7,11.8,27.3,22.2,9,0.667,22,0.364,30,0.333,0.442,0.465,2.6,0.8,7.1,0.7,17.6,0.2,0.3,0.8,8.0,83.4,93.9
85,Jimmy Butler,MIA,F,32,23,33.8,70.3,27.7,9.2,186,0.871,316,0.535,44,0.25,0.515,0.603,23.2,5.9,9.7,5.3,27.1,1.96,0.39,1.96,10.6,126.2,105.8
86,Devontae Cacok,SAS,F,25,4,3.8,7.8,28.2,10.0,0,0.0,9,0.667,0,0.0,0.667,0.667,3.0,1.0,13.8,0.3,13.4,0.25,0.25,0.25,10.2,0.0,0.0
87,Kentavious Caldwell-Pope,WAS,G,28,36,29.7,61.9,17.5,11.2,46,0.87,157,0.459,197,0.386,0.525,0.55,11.4,3.6,6.6,1.7,8.4,1.22,0.42,1.31,5.5,103.8,108.8
88,Facundo Campazzo,DEN,G,30,36,21.9,45.6,15.0,16.2,50,0.82,75,0.48,126,0.349,0.507,0.549,6.8,2.1,5.3,3.9,24.3,1.17,0.47,1.19,7.0,112.5,102.4
89,Vlatko Cancar,DEN,F,24,14,10.9,22.7,15.3,15.3,12,0.75,27,0.556,12,0.583,0.654,0.678,4.3,1.6,8.4,0.9,12.4,0.14,0.21,0.57,6.7,123.2,106.0
90,Clint Capela,ATL,C,27,36,29.7,61.8,16.2,5.3,97,0.464,332,0.572,1,0.0,0.571,0.566,11.8,13.1,23.8,1.4,7.2,0.81,1.5,0.58,8.1,128.5,103.9
91,Vernon Carey Jr.,CHA,F-C,20,2,6.0,12.4,26.5,13.4,1,1.0,6,0.5,0,0.0,0.5,0.543,3.5,1.5,13.3,0.0,0.0,0.5,0.0,0.5,0.0,105.1,108.3
92,Wendell Carter Jr.,ORL,C-F,22,37,29.3,61.1,19.1,12.7,101,0.723,234,0.585,139,0.331,0.552,0.581,13.1,10.3,18.7,2.7,15.3,0.7,0.65,1.65,9.8,114.5,102.4
93,Jevon Carter,BKN,G,26,31,11.6,24.1,13.9,12.2,4,0.75,22,0.227,77,0.299,0.399,0.407,2.6,1.5,6.9,1.0,10.8,0.35,0.26,0.45,5.4,87.0,104.1
94,Alex Caruso,CHI,G,27,26,28.0,58.4,13.6,17.3,53,0.83,86,0.523,77,0.364,0.534,0.585,8.4,3.7,7.3,4.0,18.6,2.04,0.35,1.5,7.1,117.6,101.5
95,Willie Cauley-Stein,DAL,C,28,18,9.8,20.5,10.8,16.3,2,0.5,33,0.455,2,0.5,0.471,0.474,1.9,2.1,11.7,0.5,7.1,0.33,0.17,0.39,5.1,101.6,99.8
96,Ahmad Caver,IND,G,20,1,0.9,1.9,48.4,0.0,0,0.0,1,1.0,0,0.0,1.0,1.0,2.0,0.0,0.0,0.0,0.0,0.0,0.0,0.0,0.0,0.0,0.0
97,Justin Champagnie,TOR,G-F,20,20,7.6,15.8,14.0,4.0,9,1.0,30,0.6,14,0.357,0.58,0.626,3.0,1.8,12.8,0.2,3.8,0.15,0.15,0.1,5.4,141.4,102.2
98,Chris Chiozza,GSW,G,26,19,11.1,23.1,14.1,24.8,1,1.0,19,0.158,32,0.344,0.382,0.389,2.1,1.3,6.2,1.7,20.3,0.42,0.0,0.89,6.0,87.4,98.8
99,Marquese Chriss,DAL,F,24,9,12.3,25.7,22.4,16.2,8,0.625,34,0.618,9,0.444,0.628,0.634,6.6,4.2,18.7,0.2,3.1,0.22,0.44,1.0,5.8,106.6,80.6
100,Josh Christopher,HOU,G,20,32,15.5,32.2,20.2,19.5,42,0.833,107,0.523,64,0.328,0.512,0.554,6.6,1.9,6.8,1.7,16.7,0.81,0.09,1.44,7.2,101.2,111.2
101,Brandon Clarke,MEM,F,25,27,17.4,36.2,18.0,7.4,46,0.652,153,0.686,14,0.143,0.647,0.657,9.1,5.1,15.6,1.4,12.6,0.3,1.0,0.56,9.2,134.9,101.9
102,Gary Clark,NOP,F,27,8,11.9,24.8,10.6,4.2,4,0.5,2,0.0,19,0.474,0.643,0.637,3.6,2.8,12.4,0.5,6.0,0.38,0.25,0.13,5.8,133.8,114.0
103,Jordan Clarkson,UTA,G,29,39,25.7,53.5,27.3,9.1,73,0.795,230,0.509,315,0.314,0.487,0.51,15.1,3.4,7.2,2.2,13.5,0.69,0.21,1.49,7.5,103.9,105.5
104,Nic Claxton,BKN,F-C,22,18,22.0,45.9,15.0,9.5,35,0.629,109,0.661,0,0.0,0.661,0.667,9.2,5.2,12.6,0.9,6.4,0.61,1.33,0.72,6.4,131.0,99.8
105,Amir Coffey,LAC,G-F,24,27,17.0,35.3,12.3,6.2,42,0.857,39,0.513,63,0.349,0.52,0.589,5.3,2.6,8.0,1.1,8.8,0.3,0.22,0.3,5.8,123.3,105.7
106,John Collins,ATL,F-C,24,33,32.6,67.9,20.0,7.5,126,0.802,300,0.587,103,0.427,0.6,0.638,17.7,7.9,13.2,2.0,9.6,0.7,1.18,1.12,8.0,128.5,106.3
107,Darren Collison,LAL,G,34,3,12.4,25.8,9.2,12.5,0,0.0,4,0.5,3,0.0,0.286,0.286,1.3,1.3,5.6,0.7,6.7,0.33,0.0,0.33,3.4,64.1,100.3
108,Mike Conley,UTA,G,34,35,28.4,59.1,20.0,12.1,67,0.821,177,0.508,199,0.427,0.578,0.604,14.0,3.0,5.7,5.4,27.6,1.14,0.29,1.6,8.6,124.7,106.1
109,Pat Connaughton,MIL,G,29,39,28.3,58.9,14.3,7.6,33,0.788,92,0.674,233,0.403,0.625,0.636,11.1,4.7,8.7,1.4,7.1,1.0,0.33,0.72,5.9,124.3,107.2
110,Tyler Cook,CHI,F,24,9,10.4,21.7,14.6,12.9,16,0.875,20,0.65,0,0.0,0.65,0.74,4.4,2.3,12.4,0.3,4.4,0.33,0.11,0.44,5.6,140.3,95.8
111,Sharife Cooper,ATL,G,20,9,3.6,7.5,24.0,27.8,0,0.0,8,0.25,5,0.2,0.269,0.269,0.8,0.6,8.3,0.6,20.2,0.0,0.0,0.56,7.3,0.0,0.0
112,Petr Cornelie,DEN,F,26,13,2.9,6.1,24.4,19.3,4,0.75,7,0.571,8,0.125,0.367,0.418,1.1,1.1,20.4,0.2,11.3,0.08,0.08,0.31,8.6,0.0,0.0
113,DeMarcus Cousins,MIL,C,31,17,16.9,35.1,22.5,10.6,38,0.816,70,0.6,48,0.271,0.521,0.572,9.1,5.8,17.9,1.1,9.6,0.94,0.47,0.94,9.2,115.3,89.7
114,Robert Covington,POR,F,31,35,27.8,57.9,11.9,13.9,7,1.0,62,0.565,164,0.341,0.527,0.535,7.0,5.2,10.2,1.2,5.9,1.29,1.17,1.06,5.1,101.8,107.8
115,Torrey Craig,IND,F,31,35,16.3,33.9,14.3,12.3,29,0.828,80,0.65,71,0.296,0.553,0.583,5.5,3.4,11.7,1.0,8.7,0.37,0.29,0.66,6.5,118.4,104.3
116,Jae Crowder,PHX,F,31,33,28.1,58.5,14.4,9.7,42,0.786,86,0.523,175,0.337,0.511,0.537,9.1,4.6,8.6,1.4,6.3,1.18,0.52,0.91,5.5,103.9,99.2
117,Jarrett Culver,MEM,G-F,22,16,11.0,23.0,18.5,5.1,14,0.5,46,0.543,22,0.227,0.478,0.485,4.5,1.8,8.7,1.2,15.3,0.56,0.13,0.25,7.8,108.7,103.6
118,Jarron Cumberland,POR,G,24,3,4.1,8.5,7.1,0.0,0,0.0,1,1.0,1,0.0,0.5,0.5,0.7,1.0,13.4,0.3,11.2,0.0,0.0,0.0,5.8,138.9,102.6
119,Cade Cunningham,DET,G,20,29,32.2,67.2,25.8,18.9,61,0.836,231,0.442,200,0.31,0.452,0.482,15.2,5.9,9.8,5.3,28.4,1.31,0.59,3.69,9.7,91.1,104.6
120,Seth Curry,PHI,G,31,35,34.8,72.5,19.1,12.4,71,0.873,230,0.6,190,0.411,0.607,0.634,16.3,3.3,5.2,3.9,17.6,0.74,0.14,1.83,6.8,118.2,109.1
121,Stephen Curry,GSW,G,33,35,34.7,72.3,32.7,13.0,168,0.917,255,0.478,464,0.388,0.545,0.591,26.8,5.3,8.4,6.1,29.6,1.43,0.54,3.4,11.0,112.3,100.7
122,Anthony Davis,LAL,F-C,28,27,35.4,73.7,27.5,9.8,161,0.727,426,0.566,56,0.179,0.531,0.569,23.3,9.9,14.6,2.9,13.7,1.19,2.04,2.22,9.9,112.6,104.3
123,Ed Davis,CLE,C-F,32,12,9.3,19.4,6.9,17.0,6,0.167,12,0.75,0,0.0,0.75,0.649,1.6,3.1,17.9,0.1,1.2,0.25,0.58,0.25,3.4,112.7,88.2
124,Terence Davis,SAC,G,24,22,17.4,36.2,25.6,11.3,26,0.808,87,0.529,105,0.305,0.49,0.514,9.5,3.1,9.4,1.0,9.5,0.77,0.41,1.18,7.1,96.7,101.3
125,Gabriel Deck,OKC,F,26,7,7.9,16.5,12.4,12.5,0,0.0,10,0.6,4,0.5,0.643,0.643,2.6,0.9,5.5,0.7,14.5,0.14,0.0,0.29,6.0,120.6,111.6
126,Dewayne Dedmon,MIA,C,32,33,17.2,35.8,15.3,15.8,44,0.75,126,0.571,20,0.6,0.616,0.644,6.5,6.1,19.7,0.9,7.6,0.39,0.45,0.94,7.7,123.4,94.1
127,Sam Dekker,TOR,F,27,1,0.9,1.9,0.0,0.0,0,0.0,0,0.0,0,0.0,0.0,0.0,0.0,0.0,0.0,0.0,0.0,0.0,0.0,0.0,0.0,0.0,0.0
128,Javin DeLaurier,MIL,C,20,1,2.8,5.8,0.0,0.0,0,0.0,0,0.0,0,0.0,0.0,0.0,0.0,1.0,18.7,0.0,0.0,1.0,0.0,0.0,0.0,0.0,0.0
129,DeMar DeRozan,CHI,G-F,32,33,35.1,73.2,31.3,8.6,260,0.858,572,0.505,70,0.357,0.509,0.579,26.5,5.0,7.9,4.6,22.3,0.88,0.33,2.15,9.7,116.6,106.5
130,Cheick Diallo,DET,F-C,25,3,10.2,21.3,16.3,8.6,6,0.833,8,0.375,0,0.0,0.375,0.517,3.7,4.0,21.1,0.0,0.0,0.33,0.0,0.33,0.0,114.6,90.3
131,Hamidou Diallo,DET,G,23,31,22.0,45.7,20.9,10.5,67,0.612,220,0.577,48,0.25,0.541,0.556,10.7,4.3,10.6,1.3,10.7,1.23,0.42,1.13,7.1,106.4,101.6
132,Gorgui Dieng,ATL,C,31,28,9.8,20.4,16.0,15.8,21,0.762,36,0.528,40,0.4,0.566,0.598,3.6,3.3,18.3,0.9,13.0,0.29,0.36,0.57,9.0,120.7,99.7
133,Spencer Dinwiddie,WAS,G,28,30,30.1,62.8,21.6,11.8,100,0.78,190,0.442,153,0.333,0.468,0.516,13.3,5.0,9.0,5.5,26.9,0.5,0.17,1.73,9.5,108.7,107.8
134,Donte DiVincenzo,MIL,G,24,3,16.7,34.8,22.1,15.5,11,0.909,7,0.0,10,0.4,0.353,0.504,7.3,5.7,17.8,0.7,5.2,0.33,0.0,1.33,7.4,107.3,107.0
135,Luka Doncic,DAL,F-G,22,24,34.8,72.4,35.9,16.7,136,0.713,302,0.523,195,0.318,0.505,0.538,25.0,8.0,12.6,8.8,46.4,1.21,0.46,4.67,13.9,103.1,100.6
136,Luguentz Dort,OKC,G,22,34,32.5,67.6,22.7,9.6,111,0.838,217,0.498,259,0.317,0.485,0.529,16.3,4.1,6.3,1.7,8.9,0.94,0.38,1.65,6.0,102.1,104.6
137,Ayo Dosunmu,CHI,G,21,32,19.0,39.6,14.3,15.7,31,0.581,103,0.592,50,0.44,0.614,0.618,6.4,2.2,6.4,1.3,9.1,0.47,0.34,0.97,5.5,110.6,105.0
138,Damyean Dotson,NYK,G,27,2,10.3,21.5,8.6,0.0,0,0.0,3,0.667,1,0.0,0.5,0.5,2.0,1.0,5.2,0.5,7.2,0.0,0.0,0.0,3.9,112.6,117.3
139,Devon Dotson,CHI,G,22,7,9.3,19.4,13.8,9.7,8,0.625,9,0.667,6,0.333,0.6,0.621,3.3,0.9,5.1,1.1,16.7,0.14,0.0,0.29,6.4,127.1,100.5
140,Sekou Doumbouya,LAL,F,21,2,8.2,17.1,30.7,17.0,4,0.75,6,0.667,2,0.5,0.688,0.717,7.0,3.0,19.1,0.0,0.0,1.5,1.0,1.0,0.0,117.5,94.7
141,Jeff Dowtin,GSW,G,24,4,6.9,14.4,11.0,14.3,0,0.0,5,0.6,1,0.0,0.5,0.5,1.5,1.8,13.9,0.8,14.8,0.0,0.25,0.25,7.5,108.5,99.6
142,P.J. Dozier,DEN,G-F,25,18,18.9,39.4,15.4,11.0,13,0.769,51,0.412,48,0.313,0.439,0.463,5.4,3.5,10.3,1.6,11.7,0.61,0.33,0.72,6.6,99.2,102.5
143,Goran Dragic,TOR,G,35,5,18.0,37.4,18.7,2.5,10,1.0,20,0.45,14,0.286,0.441,0.521,8.0,2.8,8.4,1.8,14.4,1.0,0.2,0.2,7.6,121.8,103.6
144,Andre Drummond,PHI,C,28,33,19.2,40.1,17.8,21.9,63,0.571,167,0.521,1,0.0,0.518,0.536,6.4,9.2,26.2,2.0,15.1,1.15,1.03,1.67,10.2,111.5,92.3
145,Chris Duarte,IND,G,24,34,28.6,59.7,21.3,12.0,58,0.707,218,0.5,176,0.352,0.513,0.53,13.1,4.0,7.7,2.1,11.1,1.0,0.15,1.68,6.7,101.1,108.7
146,David Duke Jr.,BKN,G,22,8,23.0,47.9,16.2,7.3,15,0.8,39,0.436,18,0.111,0.351,0.409,6.5,5.3,12.1,1.0,5.8,0.88,0.38,0.63,5.7,100.6,101.0
147,Kevin Durant,BKN,F,33,32,37.1,77.2,31.9,11.6,228,0.886,509,0.566,162,0.37,0.563,0.621,29.9,7.8,11.1,5.8,28.0,0.69,0.91,3.16,11.9,118.0,106.2
148,Jaime Echenique,WAS,C,24,1,3.1,6.5,0.0,0.0,0,0.0,0,0.0,0,0.0,0.0,0.0,0.0,0.0,0.0,0.0,0.0,0.0,0.0,0.0,0.0,0.0,0.0
149,Anthony Edwards,MIN,G,20,33,35.4,73.9,27.6,13.9,114,0.781,326,0.506,287,0.369,0.529,0.556,22.3,5.6,8.3,3.6,17.3,1.58,0.7,3.24,8.7,104.3,106.1
150,Kessler Edwards,BKN,F,21,6,22.4,46.6,15.5,12.5,0,0.0,23,0.478,19,0.368,0.512,0.512,7.2,4.8,11.4,1.5,9.4,0.5,0.67,1.0,6.7,105.5,108.2
151,Rob Edwards,OKC,G,24,2,5.5,11.4,19.8,20.0,0,0.0,0,0.0,4,0.25,0.375,0.375,1.5,1.5,13.9,0.0,0.0,0.0,0.0,0.5,0.0,59.6,111.3
152,CJ Elleby,POR,F-G,21,19,7.9,16.5,16.1,12.6,8,0.875,22,0.545,23,0.348,0.533,0.567,2.9,1.7,12.1,0.4,6.9,0.21,0.0,0.37,6.3,111.4,103.5
153,Wayne Ellington,LAL,G,34,27,21.1,43.9,12.4,7.9,5,0.8,12,0.5,138,0.377,0.56,0.565,6.4,1.7,4.3,0.8,5.1,0.52,0.07,0.48,3.9,108.3,110.9
154,Joel Embiid,PHI,C-F,27,27,33.2,69.2,34.6,11.2,282,0.805,396,0.495,90,0.389,0.511,0.593,26.8,10.7,17.8,4.3,23.3,1.11,1.41,2.85,12.9,116.4,101.3
155,James Ennis III,BKN,F,31,2,6.9,14.3,22.2,0.0,0,0.0,5,0.2,2,0.5,0.357,0.357,2.5,2.5,19.3,0.0,0.0,0.5,0.5,0.0,0.0,91.6,107.6
156,James Ennis III,LAC,F,31,2,14.1,29.3,21.4,7.3,4,1.0,7,0.714,4,0.5,0.727,0.784,10.0,2.5,9.3,0.0,0.0,0.5,0.5,0.5,0.0,144.7,96.4
157,Drew Eubanks,SAS,F-C,24,36,12.5,26.0,17.7,20.7,64,0.75,115,0.53,6,0.167,0.517,0.58,4.8,4.1,16.8,1.1,11.7,0.31,0.69,1.08,8.9,108.3,99.5
158,Tacko Fall,CLE,C,26,11,5.3,11.1,13.4,16.6,7,0.286,12,0.417,0,0.0,0.417,0.398,1.1,2.1,21.1,0.2,4.6,0.0,0.55,0.27,5.8,91.7,101.3
159,Derrick Favors,OKC,F,30,28,16.1,33.6,14.3,4.0,18,0.556,126,0.532,10,0.2,0.515,0.521,5.4,4.7,14.8,0.8,7.6,0.43,0.29,0.21,6.8,115.9,101.1
160,Bruno Fernando,BOS,F-C,23,12,2.7,5.6,12.2,44.4,0,0.0,5,0.6,0,0.0,0.6,0.6,0.5,0.5,9.9,0.1,4.4,0.0,0.17,0.33,4.3,0.0,0.0
161,Dorian Finney-Smith,DAL,F,28,38,32.2,67.0,14.0,9.4,47,0.66,131,0.557,194,0.381,0.566,0.577,10.5,4.8,8.2,2.0,8.9,1.24,0.55,0.95,5.8,116.6,103.1
162,Malik Fitts,UTA,F,20,7,5.0,10.4,13.6,18.2,0,0.0,5,0.0,4,0.5,0.333,0.333,0.9,1.4,15.5,0.0,0.0,0.0,0.0,0.29,0.0,56.6,100.5
163,Malachi Flynn,TOR,G,23,26,8.8,18.4,18.0,8.2,7,0.571,42,0.429,44,0.273,0.419,0.427,2.9,1.1,6.6,1.0,15.4,0.38,0.12,0.31,6.7,97.8,104.4
164,Bryn Forbes,SAS,G,28,36,16.2,33.8,21.9,10.3,44,0.886,126,0.468,126,0.389,0.526,0.56,8.4,1.6,5.0,0.9,8.2,0.36,0.08,0.86,5.7,104.1,110.7
165,Aleem Ford,ORL,F,20,5,14.7,30.6,14.1,16.7,0,0.0,5,0.8,15,0.133,0.35,0.35,2.8,3.0,10.9,0.4,3.9,0.2,0.0,0.8,4.1,67.6,107.5
166,Trent Forrest,UTA,G,23,30,9.1,19.0,10.6,35.7,14,0.786,33,0.515,4,0.25,0.5,0.556,1.6,1.4,8.1,1.1,14.7,0.17,0.0,0.8,5.9,97.0,107.7
167,Evan Fournier,NYK,G-F,29,38,29.0,60.4,21.1,9.5,53,0.736,187,0.46,265,0.381,0.525,0.541,13.5,2.8,5.1,1.8,10.0,0.89,0.24,1.32,5.6,104.9,108.3
168,De'Aaron Fox,SAC,G,24,37,34.2,71.3,28.3,12.3,222,0.757,498,0.51,141,0.248,0.48,0.53,21.1,3.6,5.6,5.2,25.0,1.27,0.43,2.78,8.6,105.1,109.3
169,Tim Frazier,ORL,G,31,9,20.5,42.6,13.2,23.2,9,0.556,23,0.304,16,0.375,0.41,0.431,4.1,1.9,4.9,3.4,24.0,0.33,0.0,1.44,5.8,91.7,105.6
170,Enes Freedom,BOS,C,29,23,13.0,27.1,15.2,14.5,20,0.8,76,0.539,4,0.25,0.531,0.569,4.4,5.5,22.8,0.2,2.0,0.22,0.43,0.65,5.2,119.0,99.0
171,Wenyen Gabriel,BKN,F,24,1,1.3,2.7,0.0,0.0,0,0.0,0,0.0,0,0.0,0.0,0.0,0.0,1.0,40.7,0.0,0.0,0.0,0.0,0.0,0.0,0.0,0.0
172,Wenyen Gabriel,LAC,F,24,4,9.9,20.5,16.4,6.8,4,0.5,8,0.375,4,0.25,0.375,0.4,2.8,2.8,14.6,0.5,7.2,0.25,0.5,0.25,6.4,97.2,88.0
173,Daniel Gafford,WAS,F-C,23,36,22.8,47.5,15.5,13.3,71,0.732,217,0.687,0,0.0,0.687,0.705,9.7,6.8,16.3,1.1,7.3,0.44,1.78,1.06,7.3,134.3,102.3
174,Danilo Gallinari,ATL,F,33,29,22.4,46.6,17.8,6.0,61,0.934,107,0.421,115,0.4,0.514,0.573,9.8,4.2,10.2,1.4,8.9,0.48,0.21,0.55,6.9,119.8,110.5
175,Langston Galloway,BKN,G,30,4,14.6,30.3,13.4,27.8,0,0.0,5,0.6,8,0.25,0.462,0.462,3.0,2.0,7.3,1.3,11.2,0.0,0.0,1.25,5.4,79.2,105.7
176,Darius Garland,CLE,G,21,33,34.4,71.6,26.0,17.8,81,0.914,290,0.545,229,0.389,0.562,0.592,19.9,3.0,4.7,7.3,34.9,1.3,0.09,3.64,8.8,110.4,105.7
177,Marcus Garrett,MIA,G,23,12,10.7,22.3,8.7,7.9,5,0.4,17,0.235,4,0.25,0.262,0.28,1.1,1.9,10.0,0.6,7.0,0.42,0.25,0.17,4.0,89.3,97.3
178,Usman Garuba,HOU,F,19,14,7.2,14.9,11.4,11.2,2,0.5,11,0.545,12,0.167,0.391,0.398,1.4,2.2,16.9,0.6,11.1,0.43,0.36,0.21,6.8,98.3,104.5
179,Luka Garza,DET,C,23,25,12.4,25.8,19.3,10.7,38,0.658,70,0.5,38,0.316,0.491,0.525,5.2,3.1,13.5,0.6,8.0,0.32,0.08,0.6,6.9,111.5,100.6
180,Rudy Gay,UTA,F-G,35,25,19.9,41.5,19.1,8.6,41,0.805,78,0.5,106,0.377,0.538,0.572,9.2,4.6,12.6,1.1,7.7,0.52,0.28,0.76,7.2,116.9,100.7
181,Paul George,LAC,F,31,26,35.5,74.0,34.0,15.1,117,0.88,340,0.482,217,0.323,0.483,0.527,24.7,7.1,10.5,5.5,27.7,2.04,0.38,4.15,11.1,97.8,100.4
182,Taj Gibson,NYK,F,36,24,19.3,40.2,9.0,18.0,19,0.737,55,0.545,14,0.286,0.522,0.556,3.6,4.5,12.7,0.8,6.2,0.46,0.92,0.71,4.9,116.4,99.0
183,Josh Giddey,OKC,G,19,33,30.3,63.2,21.5,19.3,47,0.681,260,0.458,121,0.264,0.438,0.456,11.1,7.5,12.5,6.3,33.9,1.03,0.52,2.91,10.6,94.8,104.9
184,Shai Gilgeous-Alexander,OKC,G-F,23,33,35.0,73.0,29.1,10.3,218,0.821,400,0.483,203,0.281,0.462,0.527,22.3,4.6,6.7,5.2,27.0,0.97,0.73,2.42,9.3,106.6,106.9
185,Anthony Gill,WAS,F,29,16,6.7,14.0,15.0,11.0,12,0.833,20,0.65,7,0.714,0.759,0.79,3.2,1.6,12.7,0.5,11.2,0.06,0.13,0.25,8.2,149.7,97.5
186,Freddie Gillespie,ORL,F,20,8,13.1,27.2,10.4,19.9,7,0.429,16,0.438,1,0.0,0.412,0.423,2.1,4.1,16.8,0.5,5.4,0.38,1.0,0.63,5.0,98.1,96.8
187,Rudy Gobert,UTA,C,29,37,32.1,66.8,16.8,14.5,249,0.683,285,0.709,1,0.0,0.706,0.726,15.5,15.1,25.3,1.1,4.8,0.78,2.27,1.81,7.9,137.1,97.0
188,Brandon Goodwin,CLE,G,26,3,22.7,47.2,22.2,14.5,8,0.25,19,0.526,7,0.0,0.385,0.373,7.3,3.7,8.7,4.7,30.2,0.67,0.0,1.67,8.9,86.6,98.3
189,Jordan Goodwin,WAS,G,23,2,3.0,6.1,22.6,0.0,0,0.0,2,0.0,1,0.0,0.0,0.0,0.0,0.5,9.2,0.0,0.0,0.0,0.0,0.0,0.0,0.0,0.0
190,Aaron Gordon,DEN,F,26,34,32.0,66.6,18.5,12.0,104,0.712,251,0.61,101,0.327,0.575,0.602,14.1,5.4,9.4,2.2,10.3,0.65,0.65,1.59,6.9,115.5,108.4
191,Eric Gordon,HOU,G,33,34,29.2,60.8,20.1,16.4,93,0.731,177,0.531,174,0.448,0.601,0.625,14.4,1.7,3.2,3.4,18.5,0.62,0.44,2.26,6.0,111.4,118.2
192,Devonte' Graham,NOP,G,26,36,31.3,65.2,20.5,10.5,76,0.816,145,0.4,306,0.359,0.494,0.524,14.1,2.5,4.3,4.5,22.3,1.06,0.19,1.58,6.9,108.8,112.7
193,Jerami Grant,DET,F,27,24,33.2,69.2,26.7,10.3,146,0.849,255,0.455,127,0.331,0.469,0.54,20.1,4.8,7.8,2.6,14.0,1.13,1.13,2.13,7.6,105.7,108.3
194,Hassani Gravett,ORL,G,25,8,21.4,44.6,12.3,18.5,4,0.75,12,0.583,26,0.423,0.618,0.629,6.3,2.6,6.6,2.5,17.5,0.63,0.13,1.13,6.4,113.4,108.9
195,Danny Green,PHI,G,34,27,24.4,50.9,12.4,13.8,8,1.0,21,0.571,131,0.382,0.572,0.585,6.7,2.6,5.8,1.2,6.7,1.3,0.85,0.93,4.5,107.5,106.0
196,Draymond Green,GSW,F,31,33,30.8,64.3,14.4,31.5,67,0.597,159,0.604,42,0.286,0.567,0.581,8.1,7.8,13.8,7.6,33.5,1.42,1.24,3.21,10.2,109.9,94.4
197,Javonte Green,CHI,G-F,28,29,22.2,46.2,10.9,10.7,40,0.8,92,0.543,33,0.364,0.544,0.589,5.8,4.2,10.5,1.0,5.7,0.83,0.45,0.59,5.2,124.7,102.4
198,Jalen Green,HOU,G,19,25,30.4,63.3,23.6,14.5,95,0.821,157,0.478,162,0.327,0.484,0.536,15.5,3.0,5.4,2.1,11.1,0.64,0.2,2.44,6.1,98.2,115.5
199,JaMychal Green,DEN,F-C,31,33,14.8,30.8,19.2,14.3,42,0.857,87,0.586,75,0.253,0.491,0.54,5.9,3.7,13.9,0.8,8.0,0.7,0.45,0.91,7.0,104.0,94.5
200,Jeff Green,DEN,F,35,34,24.9,51.8,16.4,11.3,85,0.812,157,0.592,81,0.333,0.561,0.61,9.9,3.1,6.9,1.2,6.8,0.26,0.53,1.03,5.3,113.6,105.4
201,Josh Green,DAL,G,21,24,11.3,23.4,13.6,12.2,16,0.75,51,0.608,14,0.286,0.569,0.597,3.6,1.8,8.9,1.1,14.2,0.5,0.21,0.42,6.8,121.7,97.4
202,Blake Griffin,BKN,F,32,28,19.6,40.9,16.0,6.4,41,0.707,90,0.5,82,0.22,0.419,0.455,6.2,4.7,12.6,2.0,13.6,0.57,0.39,0.46,7.9,107.4,99.4
203,Quentin Grimes,NYK,G,21,22,12.9,26.8,16.5,11.4,8,0.625,15,0.333,75,0.387,0.539,0.545,4.6,1.4,5.9,0.7,8.1,0.5,0.14,0.55,5.1,103.8,104.6
204,Kyle Guy,MIA,G,24,5,20.3,42.2,18.4,11.8,5,0.8,15,0.6,20,0.45,0.643,0.659,9.8,1.6,4.4,2.6,20.1,0.8,0.2,1.0,6.8,125.2,102.8
205,Tyrese Haliburton,SAC,G,21,39,33.9,70.6,17.5,15.7,60,0.817,248,0.48,182,0.445,0.559,0.581,13.6,4.0,6.2,6.8,29.3,1.64,0.72,2.18,8.5,116.5,113.1
206,Tyler Hall,NYK,G,24,1,1.9,4.0,0.0,0.0,0,0.0,0,0.0,0,0.0,0.0,0.0,0.0,0.0,0.0,0.0,0.0,0.0,0.0,0.0,0.0,0.0,0.0
207,R.J. Hampton,ORL,G,20,36,19.6,40.8,20.1,15.3,73,0.603,148,0.399,97,0.371,0.461,0.487,7.5,2.8,7.7,2.5,19.8,0.56,0.19,1.39,7.6,95.5,108.9
208,Tim Hardaway Jr.,DAL,G-F,29,33,30.7,64.0,21.8,4.7,81,0.741,188,0.468,247,0.336,0.489,0.515,14.7,3.9,7.0,2.5,12.5,0.94,0.18,0.7,6.8,107.0,105.2
209,James Harden,BKN,G,32,33,36.6,76.3,28.3,20.0,268,0.869,277,0.487,237,0.329,0.49,0.583,22.3,8.1,11.7,9.7,39.1,1.33,0.67,4.79,13.2,111.2,103.2
210,Maurice Harkless,SAC,F-G,28,28,18.8,39.1,10.0,14.5,13,0.692,42,0.667,58,0.276,0.52,0.534,4.0,2.3,6.6,0.5,3.8,0.43,0.54,0.64,3.5,96.8,109.4
211,Jared Harper,NOP,G,24,2,5.3,10.9,32.5,12.5,0,0.0,5,0.4,2,0.5,0.5,0.5,3.5,0.5,5.1,1.5,55.7,0.0,0.5,0.5,10.4,109.1,100.4
212,Montrezl Harrell,WAS,F-C,27,33,25.4,52.9,20.4,9.9,155,0.742,269,0.658,10,0.3,0.651,0.688,14.5,7.3,15.7,2.2,14.2,0.52,0.61,1.15,9.7,136.0,105.8
213,Gary Harris,ORL,G,27,33,29.2,60.9,17.2,11.5,57,0.842,163,0.528,150,0.367,0.538,0.569,11.7,2.4,4.4,1.9,10.4,0.88,0.18,1.33,5.2,108.6,111.2
214,Joe Harris,BKN,G-F,30,14,30.2,62.9,14.6,11.2,6,0.833,36,0.417,88,0.466,0.617,0.624,11.3,4.0,7.0,1.0,4.6,0.5,0.14,1.14,4.7,110.1,106.1
215,Shaquille Harrison,BKN,G,28,2,11.3,23.5,15.4,25.0,0,0.0,4,0.5,2,0.0,0.333,0.333,2.0,2.0,9.4,1.5,17.4,0.5,0.5,1.0,6.4,74.8,97.5
216,Tobias Harris,PHI,F,29,29,35.0,72.9,24.1,8.7,118,0.856,335,0.51,107,0.299,0.495,0.546,18.6,7.7,12.0,3.9,18.1,0.52,0.59,1.62,9.4,111.5,107.1
217,Isaiah Hartenstein,LAC,C-F,23,29,16.4,34.2,17.7,15.1,49,0.653,139,0.662,3,0.667,0.669,0.679,7.7,4.7,14.9,1.9,18.6,0.83,1.28,1.0,10.0,131.2,91.9
218,Josh Hart,NOP,G,26,31,32.8,68.3,16.3,15.7,104,0.76,190,0.6,91,0.341,0.571,0.612,12.9,7.4,12.1,4.4,20.5,0.9,0.35,1.97,9.1,118.6,105.3
219,Udonis Haslem,MIA,F,41,8,6.5,13.5,19.9,8.6,3,1.0,18,0.5,2,0.5,0.525,0.563,3.0,2.1,18.3,0.3,6.2,0.13,0.13,0.25,7.6,114.2,83.9
220,Sam Hauser,BOS,F,24,7,4.5,9.4,15.3,0.0,0,0.0,0,0.0,11,0.273,0.409,0.409,1.3,0.6,6.8,0.1,4.5,0.14,0.14,0.0,3.8,95.3,110.0
221,Jaxson Hayes,NOP,C-F,21,27,13.3,27.6,19.1,11.2,57,0.789,103,0.583,14,0.286,0.564,0.623,6.6,3.6,14.7,0.4,4.5,0.3,0.63,0.67,6.4,121.6,99.9
222,Killian Hayes,DET,G,20,28,25.9,53.9,14.2,18.7,29,0.862,101,0.376,82,0.305,0.413,0.45,6.3,3.0,6.3,3.6,21.1,1.14,0.43,1.61,6.3,92.9,105.0
223,Gordon Hayward,CHA,F,31,39,33.1,69.0,21.1,10.4,142,0.859,336,0.503,179,0.38,0.526,0.575,17.0,4.8,7.7,3.7,15.9,0.87,0.51,1.72,8.1,114.0,114.0
224,Aaron Henry,PHI,F,22,5,2.8,5.9,19.2,33.3,0,0.0,3,0.333,1,0.0,0.25,0.25,0.4,0.2,3.9,0.0,0.0,0.0,0.4,0.4,0.0,0.0,0.0
225,Juancho Hernangomez,BOS,F,26,18,5.3,11.1,16.9,16.2,9,0.667,9,0.222,18,0.167,0.241,0.307,1.1,1.4,14.0,0.2,4.2,0.22,0.11,0.33,5.1,73.7,102.5
226,Willy Hernangomez,NOP,C-F,27,22,15.5,32.4,20.9,11.9,51,0.706,122,0.557,3,0.667,0.568,0.604,8.1,7.0,24.3,1.3,13.8,0.36,0.23,0.91,10.8,123.7,99.9
227,Tyler Herro,MIA,G,21,34,32.8,68.4,29.9,13.0,99,0.869,376,0.452,237,0.388,0.502,0.535,20.6,4.9,8.4,3.9,20.5,0.59,0.15,2.88,8.9,102.4,107.7
228,Buddy Hield,SAC,G,29,41,29.3,61.0,22.8,10.1,77,0.87,153,0.412,389,0.378,0.523,0.55,15.5,3.8,6.9,2.0,10.5,0.85,0.32,1.59,6.7,106.0,110.9
229,Haywood Highsmith,MIA,F,25,4,10.4,21.7,8.5,0.0,0,0.0,1,0.0,7,0.571,0.75,0.75,3.0,1.3,6.7,0.0,0.0,0.0,0.25,0.0,0.0,152.9,107.3
230,George Hill,MIL,G,35,33,25.6,53.3,12.1,13.0,38,0.947,100,0.57,91,0.308,0.518,0.563,7.1,3.2,6.5,2.4,12.6,0.79,0.15,0.94,5.9,116.5,107.6
231,Malcolm Hill,ATL,F,26,3,15.3,31.9,9.3,0.0,4,1.0,3,0.667,5,0.6,0.813,0.871,5.7,2.0,7.1,0.3,2.9,1.33,0.33,0.0,3.9,183.5,98.2
232,Solomon Hill,ATL,F,30,13,10.7,22.3,6.6,4.8,0,0.0,7,0.143,13,0.154,0.2,0.2,0.6,1.8,8.9,0.9,10.4,0.31,0.15,0.08,3.7,86.7,105.2
233,Nate Hinton,IND,G-F,22,2,1.2,2.5,36.3,50.0,0,0.0,1,0.0,0,0.0,0.0,0.0,0.0,0.0,0.0,0.0,0.0,0.0,0.0,0.5,0.0,0.0,0.0
234,Jaylen Hoard,OKC,F,22,1,1.8,3.8,24.0,0.0,0,0.0,1,0.0,0,0.0,0.0,0.0,0.0,2.0,56.2,0.0,0.0,0.0,0.0,0.0,0.0,0.0,0.0
235,Aaron Holiday,WAS,G,25,33,16.7,34.8,17.7,14.1,24,0.792,126,0.516,52,0.365,0.525,0.546,6.2,1.6,5.1,1.9,16.9,0.58,0.24,0.94,6.4,103.6,106.4
236,Jrue Holiday,MIL,G,31,33,33.1,69.0,24.1,14.8,79,0.709,334,0.554,157,0.382,0.56,0.576,18.4,4.6,7.3,6.7,32.6,1.61,0.61,2.76,10.0,113.8,106.0
237,Justin Holiday,IND,F-G,32,34,28.3,58.9,15.8,9.2,25,0.8,75,0.507,231,0.359,0.531,0.544,10.1,2.8,5.5,1.5,7.7,0.59,0.26,0.94,4.9,105.5,108.7
238,Richaun Holmes,SAC,F,28,27,26.1,54.5,16.6,14.2,62,0.806,204,0.696,4,0.5,0.697,0.723,12.6,8.7,17.7,1.3,7.9,0.3,1.04,1.44,8.0,132.8,102.6
239,Rodney Hood,MIL,G-F,29,31,16.2,33.7,10.7,5.6,14,0.929,42,0.429,70,0.3,0.442,0.474,3.6,1.9,6.3,0.8,6.5,0.35,0.06,0.23,4.4,106.0,108.7
240,Scotty Hopson,OKC,G-F,32,1,17.7,36.9,14.6,33.3,0,0.0,3,0.667,1,0.0,0.5,0.5,4.0,1.0,2.9,1.0,8.7,0.0,0.0,2.0,3.6,69.3,111.4
241,Al Horford,BOS,C-F,35,31,29.7,61.8,17.0,9.9,64,0.859,157,0.561,135,0.281,0.497,0.539,11.1,7.6,13.8,3.8,19.5,0.71,1.55,1.13,9.2,117.3,102.4
242,Talen Horton-Tucker,LAL,G,21,24,28.3,59.0,19.2,11.5,55,0.836,169,0.485,76,0.224,0.439,0.485,10.9,4.0,7.4,2.8,14.1,1.04,0.42,1.46,7.0,99.1,103.2
243,Danuel House Jr.,HOU,F-G,28,16,14.5,30.3,18.3,17.9,19,0.895,40,0.375,34,0.294,0.405,0.467,4.8,2.7,10.1,1.2,11.8,0.31,0.31,1.13,6.9,88.8,111.2
244,Danuel House Jr.,NYK,F-G,28,1,3.4,7.1,13.0,0.0,0,0.0,0,0.0,1,0.0,0.0,0.0,0.0,0.0,0.0,0.0,0.0,0.0,0.0,0.0,0.0,0.0,0.0
245,Dwight Howard,LAL,C-F,36,30,14.9,31.1,13.4,17.2,58,0.621,82,0.585,8,0.75,0.633,0.649,5.0,5.5,19.1,0.6,5.5,0.77,0.63,0.8,6.8,124.7,95.0
246,Markus Howard,DEN,G,22,16,7.2,15.1,27.6,8.4,8,0.875,16,0.25,46,0.391,0.5,0.527,4.3,0.3,2.4,0.3,6.7,0.38,0.0,0.38,4.0,96.6,104.3
247,Kevin Huerter,ATL,G-F,23,31,28.1,58.6,17.3,11.8,21,0.762,149,0.57,148,0.378,0.569,0.578,11.4,3.5,6.7,2.7,13.9,0.45,0.23,1.32,6.8,110.9,111.3
248,Jay Huff,LAL,C,24,4,5.1,10.6,8.4,25.0,0,0.0,1,0.0,2,0.0,0.0,0.0,0.0,1.0,10.3,0.3,5.8,0.25,0.25,0.25,0.0,33.8,106.9
249,Elijah Hughes,UTA,G,23,10,6.2,12.8,17.0,16.4,3,1.0,5,0.6,14,0.5,0.711,0.738,3.0,0.9,7.9,0.4,9.3,0.2,0.0,0.4,6.6,124.3,104.6
250,De'Andre Hunter,ATL,F-G,24,11,27.8,58.0,18.4,10.8,10,0.4,73,0.479,38,0.395,0.518,0.516,10.8,2.7,5.3,0.6,3.3,0.64,0.27,1.27,3.7,94.1,107.7
251,Chandler Hutchison,PHX,F-G,25,6,3.7,7.8,13.2,58.1,2,1.0,2,0.5,0,0.0,0.5,0.694,0.7,0.8,11.7,0.3,10.7,0.0,0.0,0.67,6.0,0.0,0.0
252,Bones Hyland,DEN,G,21,27,17.2,35.8,24.1,10.0,32,0.875,82,0.439,130,0.323,0.467,0.5,8.4,2.2,7.1,1.6,14.3,0.56,0.22,0.93,7.2,97.8,101.0
253,Serge Ibaka,LAC,F,32,21,15.5,32.2,18.8,17.2,21,0.667,70,0.486,36,0.389,0.519,0.538,5.9,3.9,13.2,1.2,12.1,0.19,0.57,1.14,7.8,102.2,98.3
254,Andre Iguodala,GSW,G-F,37,19,20.6,42.9,10.9,15.3,12,0.75,30,0.733,48,0.25,0.513,0.534,4.7,3.6,9.5,4.3,27.6,0.68,0.63,0.79,8.1,125.9,102.7
255,Joe Ingles,UTA,F-G,34,36,25.2,52.6,13.2,15.8,18,0.778,49,0.612,178,0.376,0.575,0.585,7.6,2.9,6.3,3.6,18.8,0.56,0.14,1.22,6.8,118.2,105.4
256,Brandon Ingram,NOP,F,24,30,34.6,72.0,29.5,11.7,162,0.815,418,0.483,144,0.326,0.485,0.535,22.6,6.2,9.7,5.0,25.7,0.6,0.33,2.8,10.3,106.3,110.2
257,Kyrie Irving,BKN,G,29,1,32.0,66.7,28.1,9.6,4,1.0,15,0.6,2,0.0,0.529,0.586,22.0,3.0,5.0,4.0,22.0,3.0,1.0,2.0,8.0,112.3,100.2
258,Wes Iwundu,ATL,F,27,3,27.4,57.1,11.0,4.8,4,0.75,13,0.385,5,0.6,0.528,0.557,7.3,4.3,8.5,0.0,0.0,0.33,0.0,0.33,0.0,115.1,108.3
259,Jaren Jackson Jr.,MEM,F-C,22,40,27.5,57.2,25.7,9.9,166,0.837,307,0.476,231,0.316,0.475,0.532,16.3,5.4,10.3,1.2,6.2,1.03,1.9,1.68,6.9,106.1,99.0
260,Frank Jackson,DET,G,23,33,22.7,47.3,20.3,7.6,53,0.83,119,0.513,186,0.333,0.505,0.536,10.7,1.5,3.7,0.9,7.0,0.48,0.24,0.82,4.3,103.9,110.4
261,Isaiah Jackson,IND,F,20,9,5.5,11.4,18.2,4.8,6,0.5,17,0.412,0,0.0,0.412,0.433,1.9,1.7,16.8,0.0,0.0,0.22,0.22,0.11,0.0,100.5,92.8
262,Josh Jackson,DET,G-F,24,29,18.2,37.9,19.7,12.3,41,0.683,107,0.523,88,0.284,0.479,0.505,7.4,3.2,9.5,1.4,13.2,0.52,0.38,1.03,7.1,97.5,104.5
263,Justin Jackson,BOS,F,26,1,2.0,4.2,41.3,0.0,2,1.0,1,0.0,0,0.0,0.0,0.532,2.0,0.0,0.0,0.0,0.0,0.0,0.0,0.0,0.0,0.0,0.0
264,Justin Jackson,PHX,F,26,3,7.8,16.3,14.7,12.5,0,0.0,2,1.0,5,0.6,0.929,0.929,4.3,2.0,13.4,0.0,0.0,0.0,0.0,0.33,0.0,144.4,99.7
265,Reggie Jackson,LAC,G,31,36,32.1,66.8,26.4,11.2,69,0.841,306,0.438,282,0.333,0.468,0.492,16.9,3.4,5.6,3.9,20.0,0.72,0.14,2.17,7.6,96.9,106.8
266,LeBron James,LAL,F,37,28,36.9,76.9,30.5,12.6,159,0.78,352,0.619,222,0.365,0.591,0.623,28.7,7.4,10.5,6.6,31.8,1.79,1.18,3.32,12.1,117.4,104.8
267,DeJon Jarreau,IND,G,23,1,0.9,1.9,0.0,0.0,0,0.0,0,0.0,0,0.0,0.0,0.0,0.0,0.0,0.0,0.0,0.0,0.0,0.0,0.0,0.0,0.0,0.0
268,DaQuan Jeffries,MEM,G-F,24,3,2.9,6.1,9.5,0.0,0,0.0,1,1.0,1,0.0,0.5,0.5,0.7,0.7,12.1,0.3,15.0,0.0,0.0,0.0,7.3,0.0,0.0
269,Ty Jerome,OKC,G-F,24,30,14.9,30.9,22.3,10.0,36,0.806,91,0.505,100,0.29,0.469,0.503,6.9,1.6,5.3,1.6,18.5,0.63,0.1,0.77,7.0,102.6,104.3
270,Isaiah Joe,PHI,G,22,23,11.7,24.3,16.1,7.3,15,0.933,20,0.35,62,0.339,0.47,0.514,4.0,1.3,6.4,0.7,8.4,0.22,0.09,0.3,5.3,103.9,108.3
271,Alize Johnson,CHI,F,25,16,7.5,15.7,12.4,23.5,7,0.571,21,0.571,2,0.0,0.522,0.537,1.8,2.3,16.5,0.5,8.7,0.19,0.0,0.5,6.8,112.5,98.9
272,Alize Johnson,WAS,F,25,3,6.1,12.6,23.0,31.8,1,0.0,4,0.5,2,0.0,0.333,0.311,1.3,4.0,35.9,0.0,0.0,0.0,0.0,1.0,0.0,73.3,110.3
273,BJ Johnson,ORL,F,26,4,16.2,33.6,16.8,0.0,0,0.0,15,0.467,10,0.4,0.52,0.52,6.5,3.8,12.4,0.0,0.0,0.0,0.25,0.0,0.0,113.7,111.6
274,Cameron Johnson,PHX,F,25,39,25.6,53.4,17.2,6.7,57,0.825,123,0.496,226,0.438,0.6,0.623,11.9,4.3,8.7,1.3,6.9,0.85,0.26,0.69,6.3,120.8,102.4
275,David Johnson,TOR,G,20,2,1.0,2.1,21.3,0.0,0,0.0,0,0.0,1,0.0,0.0,0.0,0.0,0.0,0.0,0.0,0.0,0.0,0.0,0.0,0.0,0.0,0.0
276,James Johnson,BKN,F,34,25,18.8,39.2,12.5,12.6,16,0.375,85,0.553,26,0.269,0.518,0.513,4.8,3.7,10.4,1.9,13.6,0.48,0.44,0.68,6.9,109.3,100.6
277,Jalen Johnson,ATL,F,20,10,5.0,10.3,19.0,9.2,6,0.667,11,0.545,6,0.333,0.529,0.56,2.2,1.3,14.2,0.1,2.9,0.0,0.0,0.2,5.3,103.6,109.4
278,Joe Johnson,BOS,G-F,40,1,2.0,4.2,21.9,0.0,0,0.0,1,1.0,0,0.0,1.0,1.0,2.0,0.0,0.0,0.0,0.0,0.0,0.0,0.0,0.0,0.0,0.0
279,Keldon Johnson,SAS,F-G,22,36,30.9,64.3,20.5,9.3,105,0.686,315,0.457,127,0.441,0.516,0.541,14.7,6.5,10.9,1.7,7.7,0.83,0.14,1.39,7.1,105.3,107.0
280,Keon Johnson,LAC,G,19,14,9.4,19.7,21.6,10.7,21,0.762,39,0.359,10,0.3,0.378,0.455,3.8,1.5,8.3,0.9,14.5,0.43,0.14,0.5,7.3,97.3,93.9
281,Stanley Johnson,LAL,F-G,25,6,24.2,50.4,9.9,9.0,10,0.9,9,0.889,17,0.235,0.538,0.609,6.2,2.7,5.8,1.5,8.1,1.33,0.5,0.5,4.8,123.6,94.9
282,Tyler Johnson,PHI,G,29,3,12.7,26.5,13.0,9.1,0,0.0,3,0.333,7,0.429,0.55,0.55,3.7,2.0,8.7,0.7,7.4,0.33,0.33,0.33,5.4,108.8,102.8
283,Nikola Jokic,DEN,C,26,32,32.7,68.1,32.6,15.3,173,0.763,435,0.634,138,0.355,0.61,0.64,26.0,14.0,23.8,7.0,40.9,1.34,0.84,3.66,16.7,120.7,98.3
284,Derrick Jones Jr.,CHI,F,24,28,17.7,36.9,13.0,10.2,44,0.841,81,0.667,31,0.387,0.643,0.689,6.5,3.4,10.5,0.6,4.4,0.5,0.82,0.54,5.3,135.8,99.1
285,Carlik Jones,DAL,G,24,3,6.4,13.3,25.3,27.6,2,1.0,6,0.0,1,0.0,0.0,0.127,0.7,1.0,8.5,1.7,32.2,0.33,0.0,1.0,6.6,50.8,110.5
286,Carlik Jones,DEN,G,24,2,2.0,4.2,22.3,0.0,0,0.0,2,0.5,0,0.0,0.5,0.5,1.0,0.0,0.0,0.0,0.0,0.0,0.0,0.0,0.0,0.0,0.0
287,Damian Jones,SAC,C,26,25,14.1,29.5,16.3,19.2,46,0.717,78,0.667,11,0.273,0.635,0.668,5.8,4.2,15.9,0.8,7.9,0.12,0.44,1.04,7.6,121.2,101.7
288,Herbert Jones,NOP,F,23,36,28.6,59.6,13.0,12.4,60,0.817,195,0.513,53,0.34,0.512,0.552,8.4,3.8,7.2,1.9,9.6,1.47,1.03,1.08,5.5,111.7,104.4
289,Jemerrio Jones,LAL,F,26,2,7.4,15.3,8.7,0.0,0,0.0,3,0.667,0,0.0,0.667,0.667,2.0,1.5,10.7,0.0,0.0,0.5,0.0,0.0,0.0,155.5,99.0
290,Kai Jones,CHA,C-F,20,12,2.8,5.8,16.2,39.2,4,0.25,5,0.8,1,0.0,0.667,0.58,0.8,0.5,9.5,0.2,7.8,0.0,0.0,0.42,6.2,0.0,0.0
291,Mason Jones,LAL,G,23,2,4.4,9.2,48.1,10.1,2,0.5,6,0.333,2,0.0,0.25,0.282,2.5,1.0,11.9,0.0,0.0,0.5,0.0,0.5,0.0,59.7,97.4
292,Tre Jones,SAS,G,22,35,12.6,26.3,15.2,12.6,21,1.0,117,0.521,13,0.154,0.492,0.535,4.3,2.0,8.3,2.3,23.7,0.37,0.0,0.57,8.6,115.4,106.8
293,Tyus Jones,MEM,G,25,40,21.5,44.8,15.7,9.5,36,0.917,177,0.525,101,0.366,0.534,0.562,8.3,2.7,6.6,4.1,26.2,0.9,0.05,0.78,8.4,123.2,111.3
294,DeAndre Jordan,LAL,C,33,27,13.2,27.5,13.1,17.4,17,0.588,83,0.675,0,0.0,0.675,0.674,4.5,5.7,22.7,0.3,3.2,0.33,0.85,0.7,6.0,125.0,94.5
295,Cory Joseph,DET,G,30,28,22.1,46.0,15.1,19.3,50,0.84,98,0.49,56,0.375,0.516,0.571,7.2,2.1,5.2,3.6,25.6,0.75,0.18,1.5,6.9,109.4,108.2
296,Georgios Kalaitzakis,MIL,F,23,9,5.3,11.1,17.0,21.1,9,0.444,7,0.429,4,0.5,0.545,0.535,1.8,0.9,8.8,0.0,0.0,0.11,0.11,0.44,0.0,93.0,96.2
297,Frank Kaminsky,PHX,F-C,28,9,20.1,41.9,19.0,6.3,20,0.9,51,0.608,15,0.333,0.583,0.635,10.6,4.6,11.8,1.4,10.5,0.89,0.78,0.56,8.1,130.4,99.3
298,Luke Kennard,LAC,G,25,35,29.0,60.4,16.0,7.3,33,0.879,109,0.413,220,0.441,0.579,0.597,11.7,3.4,6.1,2.1,10.6,0.69,0.14,0.77,6.0,115.6,106.5
299,George King,DAL,F-G,27,4,4.8,10.0,16.0,14.5,2,0.5,1,0.0,4,0.0,0.0,0.085,0.3,1.3,14.2,0.0,0.0,0.0,0.0,0.25,0.0,16.5,86.2
300,Louis King,SAC,F,22,5,11.0,23.0,22.5,0.0,7,0.857,10,0.4,16,0.313,0.442,0.499,5.8,1.6,7.7,0.2,2.7,0.4,0.0,0.0,4.5,106.3,101.2
301,Corey Kispert,WAS,F,22,34,17.1,35.6,14.6,7.9,31,0.839,71,0.577,91,0.286,0.494,0.529,5.5,2.0,6.3,0.8,6.3,0.29,0.24,0.44,4.8,107.8,113.1
302,Maxi Kleber,DAL,F,29,24,24.5,51.0,13.1,9.9,26,0.731,37,0.595,106,0.349,0.542,0.563,7.3,6.2,13.8,1.0,6.0,0.46,0.88,0.71,5.8,113.5,99.7
303,Brandon Knight,DAL,G,30,3,18.2,37.8,22.6,14.5,8,1.0,7,0.714,13,0.308,0.55,0.638,10.0,2.3,7.0,2.7,22.8,0.33,0.0,1.33,8.7,119.5,101.7
304,Nathan Knight,MIN,F-C,24,20,8.9,18.5,17.1,15.1,38,0.684,38,0.579,7,0.286,0.556,0.616,3.8,2.6,15.1,0.7,11.5,0.15,0.35,0.55,8.6,122.7,97.5
305,Kevin Knox II,NYK,F,22,11,9.6,20.1,19.4,8.6,10,0.7,12,0.417,26,0.385,0.526,0.554,4.3,1.9,10.7,0.3,4.5,0.18,0.09,0.36,5.6,111.8,110.6
306,John Konchar,MEM,G,25,33,16.4,34.1,10.0,11.6,20,0.6,59,0.593,47,0.447,0.627,0.632,4.4,4.0,12.9,1.3,10.6,0.82,0.21,0.45,6.9,131.5,103.5
307,Furkan Korkmaz,PHI,G-F,24,34,22.9,47.8,19.5,8.3,44,0.818,122,0.5,168,0.298,0.469,0.498,9.1,3.1,7.6,2.3,14.7,0.62,0.12,0.82,7.0,102.5,110.7
308,Luke Kornet,CLE,F-C,26,2,7.5,15.5,18.5,0.0,3,0.667,4,0.25,1,0.0,0.2,0.316,2.0,1.5,10.9,0.5,8.8,0.0,0.5,0.0,6.1,96.4,105.8
309,Vit Krejci,OKC,G,21,3,3.1,6.4,18.2,25.8,2,1.0,0,0.0,2,0.0,0.0,0.347,0.7,1.0,16.5,0.0,0.0,0.0,0.0,0.33,0.0,0.0,0.0
310,Arnoldas Kulboka,CHA,F,24,1,2.7,5.6,0.0,0.0,0,0.0,0,0.0,0,0.0,0.0,0.0,0.0,0.0,0.0,0.0,0.0,0.0,0.0,0.0,0.0,0.0,0.0
311,Jonathan Kuminga,GSW,F,19,28,9.7,20.1,23.6,12.9,45,0.6,74,0.568,34,0.265,0.514,0.54,4.9,1.7,9.7,0.3,4.6,0.36,0.11,0.68,5.6,98.1,93.1
312,Kyle Kuzma,WAS,F,26,37,33.1,69.0,21.5,12.7,100,0.69,260,0.538,213,0.319,0.512,0.535,14.9,8.4,13.7,2.9,13.1,0.68,0.68,2.03,8.6,102.2,106.4
313,Jeremy Lamb,IND,G-F,29,27,14.4,29.9,21.5,6.8,48,0.917,77,0.39,80,0.338,0.449,0.519,6.9,2.5,9.7,1.4,13.9,0.44,0.37,0.48,8.0,111.9,106.3
314,Jock Landale,SAS,C,26,21,9.0,18.8,19.8,13.5,16,0.875,44,0.636,26,0.462,0.657,0.688,5.0,1.9,10.9,0.7,10.7,0.1,0.38,0.57,8.4,128.4,105.4
315,Romeo Langford,BOS,G-F,22,31,18.9,39.4,12.4,7.3,23,0.652,81,0.494,62,0.323,0.49,0.506,5.0,3.1,8.7,0.5,4.2,0.61,0.39,0.39,4.2,107.4,105.3
316,Zach LaVine,CHI,G-F,26,34,35.0,73.0,30.2,11.8,162,0.864,397,0.552,256,0.414,0.579,0.619,26.4,4.9,7.8,4.2,20.4,0.56,0.35,2.85,9.3,114.6,109.1
317,Jake Layman,MIN,F,27,17,9.0,18.8,15.2,12.6,8,0.75,22,0.591,23,0.174,0.422,0.453,2.6,1.4,7.9,0.3,4.6,0.29,0.18,0.41,4.6,89.4,108.5
318,Damion Lee,GSW,G-F,29,28,20.7,43.2,16.8,7.1,35,0.857,98,0.531,95,0.347,0.526,0.559,8.3,3.1,8.1,1.0,7.0,0.57,0.14,0.57,5.7,110.3,99.9
319,Saben Lee,DET,G,22,19,15.7,32.7,19.2,13.5,31,0.742,60,0.5,42,0.286,0.471,0.515,6.3,2.4,8.3,2.6,26.7,1.16,0.37,0.95,8.7,105.8,106.6
320,Alex Len,SAC,C,28,25,17.3,36.1,16.5,19.1,44,0.659,99,0.606,17,0.353,0.595,0.617,6.7,4.6,14.0,1.1,9.5,0.28,0.84,1.28,7.5,111.1,98.3
321,Caris LeVert,IND,G,27,28,30.4,63.2,27.2,9.2,93,0.796,299,0.488,142,0.31,0.481,0.517,17.8,3.3,6.0,4.0,21.6,1.04,0.54,1.75,8.1,105.9,108.6
322,Kira Lewis Jr.,NOP,G,20,24,14.2,29.6,22.2,14.7,12,0.833,88,0.523,58,0.224,0.449,0.466,5.9,1.6,6.2,2.0,23.0,0.46,0.04,1.08,7.5,94.6,111.9
323,Scottie Lewis,CHA,G,21,2,3.3,6.9,5.6,0.0,2,0.5,0,0.0,0,0.0,0.0,0.568,0.5,0.0,0.0,0.5,17.1,0.5,0.0,0.0,0.0,0.0,0.0
324,Damian Lillard,POR,G,31,29,36.4,75.9,29.5,11.6,181,0.878,268,0.485,284,0.324,0.486,0.55,24.0,4.1,6.3,7.3,33.5,0.59,0.38,2.86,9.8,112.9,117.4
325,Nassir Little,POR,F-G,21,33,24.6,51.2,15.7,10.6,67,0.701,122,0.59,109,0.312,0.532,0.562,8.9,5.7,12.8,1.1,6.7,0.67,0.85,0.94,6.2,113.6,109.0
326,Isaiah Livers,DET,F,23,1,4.7,9.8,27.3,33.3,0,0.0,0,0.0,2,0.0,0.0,0.0,0.0,0.0,0.0,0.0,0.0,1.0,1.0,1.0,0.0,0.0,83.8
327,Kevon Looney,GSW,F,25,38,19.7,41.1,13.4,12.1,55,0.6,178,0.545,1,0.0,0.542,0.559,6.0,6.4,17.7,1.5,10.9,0.45,0.79,0.74,7.8,123.0,91.1
328,Brook Lopez,MIL,C,33,1,28.2,58.8,13.6,0.0,0,0.0,5,0.2,4,0.5,0.444,0.444,8.0,5.0,9.3,0.0,0.0,1.0,3.0,0.0,0.0,104.3,101.1
329,Robin Lopez,ORL,C,33,17,17.8,37.2,19.8,16.6,22,0.591,103,0.592,3,0.0,0.575,0.584,7.9,3.7,11.1,2.0,19.6,0.06,0.59,1.35,8.7,113.8,108.1
330,Didi Louzada,NOP,G,20,2,3.5,7.2,18.6,0.0,0,0.0,0,0.0,3,0.0,0.0,0.0,0.0,1.0,15.6,0.5,18.1,0.0,0.0,0.0,0.0,0.0,0.0
331,Kevin Love,CLE,F-C,33,31,21.8,45.4,25.5,9.1,102,0.882,119,0.462,195,0.426,0.572,0.626,14.5,7.6,18.9,2.1,15.6,0.35,0.19,1.16,11.3,123.7,100.0
332,Kyle Lowry,MIA,G,35,36,34.3,71.5,19.8,20.6,103,0.845,162,0.562,231,0.325,0.518,0.564,13.7,4.5,7.3,8.4,35.9,0.97,0.36,3.17,9.4,112.7,103.3
333,Timothe Luwawu-Cabarrot,ATL,G-F,26,25,14.2,29.7,14.1,8.7,16,0.813,30,0.4,68,0.353,0.49,0.519,4.4,1.6,5.9,0.8,7.8,0.36,0.16,0.4,5.0,107.2,107.5
334,Trey Lyles,DET,F,26,35,18.5,38.5,20.7,11.2,88,0.807,141,0.546,99,0.303,0.508,0.565,9.0,4.7,13.6,1.1,9.7,0.37,0.4,1.0,7.8,111.0,104.7
335,Theo Maledon,OKC,G,20,21,13.6,28.3,16.5,16.5,30,0.867,34,0.412,44,0.182,0.333,0.428,3.7,1.8,6.6,1.0,11.2,0.48,0.1,0.86,5.5,86.7,105.6
336,Sandro Mamukelashvili,MIL,F-C,22,21,11.9,24.8,14.4,9.5,12,0.75,37,0.486,34,0.382,0.528,0.551,4.0,2.4,10.7,0.6,6.6,0.29,0.24,0.38,6.0,119.8,106.5
337,Terance Mann,LAC,G-F,25,39,29.5,61.5,15.1,11.1,75,0.747,209,0.545,110,0.382,0.555,0.582,10.5,5.3,9.4,2.4,12.3,0.56,0.1,1.13,6.9,117.1,103.7
338,Tre Mann,OKC,G,20,25,16.7,34.7,20.9,8.9,22,0.636,104,0.413,70,0.371,0.471,0.485,7.1,2.2,6.8,0.5,5.2,0.44,0.24,0.72,4.8,93.0,103.7
339,Boban Marjanovic,DAL,C,33,16,6.0,12.4,34.8,14.9,16,0.5,53,0.642,3,0.333,0.634,0.627,4.9,1.9,17.2,0.1,4.8,0.0,0.13,0.69,6.5,100.3,87.6
340,Lauri Markkanen,CLE,F-C,24,30,30.3,63.2,19.6,6.6,61,0.852,175,0.526,180,0.306,0.492,0.525,13.4,5.3,9.4,1.7,8.2,0.7,0.53,0.9,6.5,108.5,103.3
341,Naji Marshall,NOP,F,23,20,10.6,22.1,19.1,20.1,29,0.862,37,0.432,26,0.115,0.325,0.436,3.3,2.8,14.0,1.0,13.3,0.4,0.15,0.95,7.9,89.6,103.8
342,Kenyon Martin Jr.,HOU,F,21,37,18.6,38.8,17.0,8.3,59,0.627,164,0.61,63,0.317,0.573,0.587,8.0,3.6,10.6,1.3,11.4,0.43,0.49,0.62,7.2,119.2,112.0
343,Caleb Martin,MIA,F,26,30,22.7,47.3,16.0,9.0,45,0.667,123,0.593,81,0.37,0.578,0.594,8.9,3.6,8.9,1.0,6.6,0.93,0.57,0.73,5.6,117.6,103.9
344,Cody Martin,CHA,F,26,35,26.7,55.7,12.7,9.9,58,0.724,149,0.483,79,0.468,0.559,0.586,8.5,4.1,8.2,2.7,13.3,1.43,0.51,0.8,6.8,123.7,111.5
345,Kelan Martin,IND,F,26,27,16.4,34.3,18.4,7.5,13,0.692,94,0.511,74,0.297,0.482,0.492,6.3,2.0,6.6,0.8,7.0,0.48,0.33,0.52,5.3,100.9,107.7
346,Garrison Mathews,HOU,G,25,23,28.7,59.7,15.1,7.2,64,0.828,32,0.688,158,0.373,0.582,0.628,11.9,3.6,6.9,0.7,3.8,0.65,0.43,0.74,4.3,121.4,108.4
347,Dakota Mathias,MEM,G,26,4,2.0,4.1,21.4,0.0,0,0.0,0,0.0,4,0.5,0.75,0.75,1.5,0.5,13.6,0.0,0.0,0.0,0.0,0.0,0.0,0.0,0.0
348,Dakota Mathias,MEM,G,26,4,2.0,4.1,21.4,0.0,0,0.0,0,0.0,4,0.5,0.75,0.75,1.5,0.5,13.6,0.0,0.0,0.0,0.0,0.0,0.0,0.0,0.0
349,Wesley Matthews,MIL,G,35,14,19.7,41.0,12.7,9.8,6,0.5,19,0.684,52,0.404,0.627,0.625,6.6,2.0,5.3,0.7,5.0,0.36,0.36,0.57,4.3,118.3,106.7
350,Tyrese Maxey,PHI,G,21,32,34.5,72.0,21.1,7.8,101,0.871,323,0.505,108,0.38,0.521,0.565,16.8,3.5,5.5,4.5,20.6,0.72,0.56,1.25,7.4,115.9,109.1
351,Skylar Mays,ATL,G,24,15,11.9,24.9,16.0,9.1,7,1.0,34,0.676,23,0.348,0.614,0.641,5.1,1.5,6.9,0.9,10.7,0.47,0.0,0.4,6.4,125.0,114.1
352,Miles McBride,NYK,G,21,15,9.3,19.4,17.7,5.4,4,0.75,24,0.417,27,0.185,0.343,0.36,2.5,0.9,5.0,1.3,20.4,0.53,0.07,0.2,6.2,90.7,101.7
353,Mac McClung,CHI,G,23,1,2.6,5.4,33.8,50.0,0,0.0,1,1.0,0,0.0,1.0,1.0,2.0,0.0,0.0,0.0,0.0,0.0,0.0,1.0,0.0,0.0,0.0
354,CJ McCollum,POR,G,30,24,35.3,73.6,26.7,8.9,50,0.7,255,0.447,196,0.393,0.509,0.522,20.6,4.1,6.4,4.5,21.6,1.08,0.71,1.92,8.2,106.9,114.0
355,T.J. McConnell,IND,G,29,24,24.2,50.4,16.2,13.0,15,0.8,156,0.538,25,0.28,0.522,0.536,8.4,3.3,7.6,4.8,29.3,1.04,0.38,1.17,8.4,116.4,107.0
356,Jalen McDaniels,CHA,F-C,23,33,18.1,37.7,14.8,12.4,44,0.659,93,0.613,71,0.394,0.604,0.619,6.9,3.5,10.3,1.2,9.0,0.61,0.42,0.79,6.8,117.6,106.9
357,Jaden McDaniels,MIN,F,21,36,26.4,55.0,14.6,11.8,28,0.786,154,0.539,125,0.288,0.491,0.508,8.2,4.6,9.1,1.1,5.8,0.86,0.53,1.08,5.2,102.2,99.5
358,Doug McDermott,SAS,F,30,26,24.6,51.3,17.9,7.0,22,0.727,109,0.532,134,0.41,0.578,0.588,11.4,2.6,5.5,1.3,7.6,0.15,0.08,0.73,5.5,112.6,111.3
359,JaVale McGee,PHX,C-F,33,35,16.0,33.4,24.6,17.2,78,0.692,227,0.661,4,0.25,0.656,0.673,10.2,7.2,23.4,0.7,6.7,0.31,0.83,1.57,9.3,119.2,87.0
360,Cameron McGriff,POR,F,24,3,15.3,31.9,14.1,0.0,2,1.0,8,0.375,6,0.333,0.429,0.47,4.7,5.0,18.0,1.0,9.3,0.0,0.33,0.0,7.5,125.7,102.9
361,Rodney McGruder,DET,G,30,17,9.5,19.7,14.3,14.9,4,0.75,23,0.522,21,0.238,0.443,0.459,2.5,1.6,9.4,0.6,10.5,0.18,0.12,0.47,5.6,94.0,108.5
362,Alfonzo McKinnie,CHI,F,29,5,16.8,35.0,12.5,8.4,2,0.0,8,0.375,13,0.462,0.571,0.548,4.8,1.8,5.9,0.6,4.8,0.2,0.4,0.4,4.1,111.0,105.9
363,JaQuori McLaughlin,DAL,G,23,4,2.7,5.7,8.2,0.0,0,0.0,1,0.0,1,0.0,0.0,0.0,0.0,0.0,0.0,0.5,22.7,0.0,0.0,0.0,0.0,0.0,0.0
364,Jordan McLaughlin,MIN,G,25,27,11.6,24.1,13.7,18.5,22,0.682,46,0.37,28,0.143,0.311,0.364,2.3,1.1,5.0,2.4,27.6,0.67,0.04,0.7,6.3,93.2,109.8
365,Ben McLemore,POR,G,28,21,14.6,30.5,20.1,7.8,11,0.909,25,0.52,101,0.406,0.591,0.608,7.6,1.1,4.1,0.6,6.7,0.29,0.0,0.52,4.7,115.7,113.3
366,De'Anthony Melton,MEM,G,23,32,24.0,50.0,20.4,14.4,46,0.739,142,0.479,159,0.327,0.485,0.507,10.2,4.5,10.0,2.9,16.9,1.66,0.69,1.69,8.5,102.7,102.5
367,Sam Merrill,MEM,G,25,6,9.6,20.1,20.0,7.2,4,0.5,1,1.0,23,0.304,0.479,0.485,4.2,1.2,6.4,0.7,9.4,0.0,0.0,0.33,6.3,102.1,110.9
368,Chimezie Metu,SAC,F-C,24,25,23.2,48.3,18.7,8.7,34,0.765,121,0.521,96,0.26,0.463,0.489,9.1,6.5,14.9,1.0,6.6,0.88,0.72,0.88,6.7,98.7,106.7
369,Khris Middleton,MIL,F,30,30,31.3,65.2,27.1,15.7,134,0.881,258,0.465,184,0.375,0.506,0.564,18.8,5.5,9.2,5.1,25.2,1.03,0.2,3.1,10.3,108.1,103.9
370,CJ Miles,BOS,G,34,1,2.0,4.2,0.0,0.0,0,0.0,0,0.0,0,0.0,0.0,0.0,0.0,0.0,0.0,0.0,0.0,0.0,0.0,0.0,0.0,0.0,0.0
371,Paul Millsap,BKN,F,36,23,10.9,22.7,16.7,10.4,17,0.706,53,0.415,26,0.231,0.392,0.428,3.2,3.4,16.7,1.0,12.4,0.22,0.35,0.43,8.1,102.5,90.3
372,Patty Mills,BKN,G,33,37,30.8,64.1,17.3,8.8,29,0.897,120,0.467,281,0.42,0.581,0.595,13.3,2.0,3.5,2.5,11.8,0.65,0.27,1.08,5.3,113.8,110.7
373,Shake Milton,PHI,G-F,25,27,24.8,51.6,20.7,10.1,48,0.854,175,0.48,79,0.316,0.478,0.516,10.5,3.0,6.7,2.8,17.3,0.78,0.41,1.15,7.2,104.8,105.8
374,Davion Mitchell,SAC,G,23,35,25.0,52.0,19.0,9.0,30,0.667,207,0.449,134,0.306,0.453,0.464,9.4,2.2,4.7,3.3,19.5,0.63,0.2,1.0,6.5,100.5,111.6
375,Donovan Mitchell,UTA,G,25,36,33.3,69.3,33.0,11.7,152,0.882,402,0.547,341,0.346,0.534,0.573,25.8,3.8,6.2,5.2,27.0,1.61,0.22,2.97,9.6,113.6,104.3
376,Evan Mobley,CLE,C,20,31,33.7,70.2,19.5,10.7,98,0.745,324,0.531,49,0.306,0.521,0.555,14.9,8.2,13.1,2.5,11.5,0.81,1.77,1.61,8.0,110.9,101.0
377,Malik Monk,LAL,G,23,35,25.9,54.0,18.3,11.1,45,0.844,135,0.6,189,0.397,0.597,0.618,12.1,2.8,5.6,2.2,12.5,0.74,0.4,1.23,6.5,115.2,109.2
378,Greg Monroe,MIN,F-C,31,3,21.0,43.8,13.4,19.8,5,0.4,14,0.643,0,0.0,0.643,0.617,6.7,7.0,17.5,3.7,25.7,0.67,1.33,1.33,10.6,122.8,97.3
379,Moses Moody,GSW,G,19,24,7.0,14.6,16.3,6.4,11,0.727,24,0.625,30,0.133,0.389,0.425,2.1,1.0,8.2,0.3,5.7,0.13,0.17,0.17,4.9,91.4,101.9
380,Matt Mooney,NYK,G,24,1,1.9,4.0,46.7,50.0,0,0.0,0,0.0,1,0.0,0.0,0.0,0.0,0.0,0.0,0.0,0.0,1.0,0.0,1.0,0.0,0.0,0.0
381,Xavier Moon,LAC,G,27,4,16.8,35.1,20.8,6.3,0,0.0,22,0.455,8,0.125,0.383,0.383,5.8,2.3,7.0,1.5,13.8,1.25,0.25,0.5,6.5,83.2,104.6
382,Ja Morant,MEM,G,22,28,32.2,67.1,32.2,12.8,169,0.775,416,0.519,118,0.39,0.534,0.576,25.0,5.8,9.5,6.6,35.4,1.39,0.39,3.18,12.2,114.9,108.3
383,Juwan Morgan,TOR,F,24,1,27.4,57.1,4.7,0.0,0,0.0,1,1.0,2,0.5,0.833,0.833,5.0,4.0,7.9,1.0,4.8,0.0,0.0,0.0,4.0,183.7,106.7
384,Marcus Morris Sr.,LAC,F,32,19,30.4,63.2,22.7,8.0,57,0.895,146,0.486,104,0.385,0.524,0.569,16.5,5.3,9.1,2.3,12.1,0.47,0.26,1.26,7.7,111.6,103.8
385,Jaylen Morris,SAS,G,26,2,4.7,9.8,17.4,0.0,2,0.5,1,0.0,2,0.0,0.0,0.129,0.5,1.0,11.0,0.5,11.9,0.0,0.0,0.0,5.4,45.3,102.5
386,Markieff Morris,MIA,F,32,10,18.7,39.0,19.9,14.3,5,1.0,48,0.5,22,0.364,0.514,0.533,7.7,2.8,8.3,1.4,11.6,0.3,0.1,1.2,6.7,104.6,100.7
387,Monte Morris,DEN,G,26,34,30.0,62.5,18.7,9.6,29,0.724,224,0.54,149,0.389,0.558,0.566,12.9,2.7,5.0,4.2,21.2,0.74,0.15,1.21,7.0,113.2,110.4
388,Emmanuel Mudiay,SAC,G,25,2,5.5,11.5,18.5,21.0,4,0.75,2,0.0,0,0.0,0.0,0.399,1.5,0.0,0.0,2.0,43.5,0.5,0.0,0.5,0.0,100.2,108.2
389,Mychal Mulder,ORL,G,27,15,13.0,27.1,16.8,10.5,2,1.0,21,0.333,46,0.283,0.396,0.405,3.7,1.4,5.7,0.2,2.3,0.27,0.07,0.53,3.1,76.6,111.7
390,Ade Murkey,SAC,G,20,1,1.5,3.1,0.0,0.0,0,0.0,0,0.0,0,0.0,0.0,0.0,0.0,0.0,0.0,0.0,0.0,0.0,0.0,0.0,0.0,0.0,0.0
391,Trey Murphy III,NOP,F,21,34,13.4,27.8,14.0,7.4,15,0.867,34,0.324,97,0.34,0.462,0.487,3.9,2.1,8.5,0.6,6.3,0.29,0.12,0.32,5.1,105.2,109.2
392,Dejounte Murray,SAS,G,25,33,34.2,71.3,25.6,12.0,74,0.703,437,0.471,134,0.343,0.482,0.499,18.2,8.3,12.5,8.9,38.5,2.03,0.42,2.48,12.9,107.5,104.5
393,Mike Muscala,OKC,F-C,30,31,13.9,29.0,21.2,5.2,48,0.875,59,0.475,121,0.421,0.581,0.624,8.1,3.1,11.1,0.5,6.4,0.42,0.68,0.35,6.7,123.2,101.0
394,Svi Mykhailiuk,TOR,G-F,24,34,17.8,37.2,16.3,10.8,29,0.828,86,0.523,108,0.324,0.503,0.53,6.4,2.4,7.2,1.1,9.1,0.68,0.12,0.74,5.8,108.1,107.6
395,Abdel Nader,PHX,F,28,14,10.4,21.6,14.9,21.8,10,0.6,21,0.381,14,0.286,0.4,0.431,2.4,1.9,9.7,0.5,6.0,0.57,0.29,0.79,5.1,78.3,92.3
396,Larry Nance Jr.,POR,F-C,29,37,23.2,48.3,12.5,11.0,49,0.653,136,0.61,62,0.306,0.563,0.581,6.9,5.6,13.4,2.0,12.3,1.03,0.35,0.73,7.3,123.9,108.8
397,RJ Nembhard Jr.,CLE,G,22,5,8.0,16.7,14.1,7.8,2,0.5,10,0.5,1,0.0,0.455,0.463,2.2,0.4,2.7,2.0,35.5,0.0,0.0,0.2,6.0,116.6,108.4
398,Aaron Nesmith,BOS,G-F,22,28,10.7,22.3,16.7,14.9,9,0.778,29,0.586,64,0.234,0.425,0.443,3.1,1.7,8.4,0.4,4.8,0.29,0.04,0.61,4.8,83.9,98.5
399,Raul Neto,WAS,G,29,33,20.3,42.3,18.9,13.7,51,0.725,169,0.527,55,0.255,0.491,0.521,7.8,2.1,5.5,2.7,19.7,0.73,0.03,1.18,7.0,102.6,107.4
400,Malik Newman,CLE,G,24,1,7.7,16.0,39.0,14.5,2,1.0,4,0.75,1,0.0,0.6,0.68,8.0,1.0,7.0,1.0,29.6,0.0,0.0,1.0,10.4,117.5,111.5
401,Georges Niang,PHI,F,28,34,23.2,48.3,18.2,7.9,35,0.857,107,0.523,171,0.398,0.568,0.59,10.2,2.8,6.6,1.3,8.7,0.5,0.24,0.74,5.8,112.9,103.7
402,Daishen Nix,HOU,G,19,6,9.2,19.1,18.5,29.3,2,0.5,9,0.778,7,0.429,0.719,0.711,4.0,1.2,7.0,1.2,20.7,1.0,0.0,1.17,7.8,104.4,111.4
403,Zeke Nnaji,DEN,F-C,21,21,14.8,30.8,16.1,6.2,33,0.576,48,0.458,43,0.465,0.571,0.583,5.9,3.0,11.1,0.4,3.7,0.19,0.33,0.33,5.2,118.2,102.2
404,Nerlens Noel,NYK,C-F,27,17,23.1,48.1,7.4,22.8,18,0.833,41,0.537,2,0.0,0.512,0.579,3.5,5.8,13.6,0.8,5.0,1.06,1.47,0.88,4.4,119.5,99.0
405,Jaylen Nowell,MIN,G,22,25,13.7,28.6,22.9,7.4,28,0.75,105,0.524,57,0.351,0.525,0.548,7.6,1.9,7.2,1.9,23.2,0.52,0.2,0.56,8.8,115.4,106.2
406,Frank Ntilikina,DAL,G,23,29,15.0,31.2,17.2,12.0,19,1.0,67,0.403,72,0.347,0.464,0.502,5.1,1.6,5.8,1.6,15.1,0.72,0.1,0.69,6.3,101.5,101.4
407,Jusuf Nurkic,POR,C,27,35,26.0,54.1,22.4,16.1,144,0.722,297,0.586,31,0.226,0.563,0.604,13.5,10.1,21.5,2.5,15.5,1.11,0.51,2.14,10.7,116.0,100.3
408,David Nwaba,HOU,G-F,28,31,14.3,29.9,15.9,9.0,41,0.683,98,0.541,35,0.286,0.511,0.543,5.3,3.9,15.0,0.9,9.3,0.68,0.52,0.48,7.4,113.1,106.5
409,Jordan Nwora,MIL,F,23,32,20.9,43.6,19.6,11.1,17,0.824,132,0.439,134,0.381,0.506,0.517,8.8,4.1,10.3,1.1,7.7,0.44,0.41,1.06,6.5,100.5,106.1
410,Semi Ojeleye,MIL,F,27,16,17.9,37.4,11.3,6.6,11,0.818,28,0.214,38,0.211,0.273,0.318,2.8,3.6,10.4,0.3,2.2,0.25,0.31,0.31,3.2,87.4,104.3
411,Chuma Okeke,ORL,F,23,29,22.6,47.1,17.1,10.8,29,0.862,100,0.5,118,0.237,0.422,0.453,7.2,4.3,10.1,1.3,8.9,1.21,0.38,0.97,6.1,91.4,107.7
412,Josh Okogie,MIN,G,23,24,13.8,28.7,11.4,16.7,31,0.613,32,0.406,29,0.276,0.41,0.462,2.9,2.2,8.4,0.7,6.8,0.63,0.33,0.63,4.8,98.3,103.1
413,Onyeka Okongwu,ATL,F-C,21,6,20.5,42.7,15.3,16.2,12,0.917,31,0.742,0,0.0,0.742,0.786,9.5,5.5,14.5,1.0,7.3,0.67,1.5,1.17,7.3,140.7,97.2
414,Isaac Okoro,CLE,F-G,20,27,28.4,59.2,14.4,12.6,57,0.719,118,0.542,78,0.321,0.518,0.552,9.0,3.6,6.9,1.9,9.1,0.81,0.26,1.19,5.6,110.1,101.5
415,KZ Okpala,MIA,F-G,22,21,11.6,24.2,14.3,6.3,11,0.727,43,0.488,26,0.346,0.5,0.521,3.7,2.0,9.3,0.7,8.3,0.19,0.33,0.24,6.0,113.3,101.1
416,Cameron Oliver,ATL,F,20,2,21.7,45.1,16.4,0.0,3,0.667,12,0.75,3,0.333,0.7,0.705,11.5,3.0,7.5,1.5,11.1,0.5,0.5,0.0,6.9,149.8,106.3
417,Kelly Olynyk,DET,F-C,30,10,23.0,47.8,23.9,11.7,35,0.6,57,0.544,41,0.341,0.531,0.551,12.5,5.3,12.4,2.3,17.9,1.4,0.7,1.5,9.3,107.4,99.5
418,Eugene Omoruyi,DAL,F,24,4,4.5,9.3,17.0,0.0,4,0.5,3,0.333,2,0.5,0.5,0.518,1.8,1.8,21.5,0.5,16.1,0.0,0.0,0.0,10.4,130.2,96.5
419,Royce O'Neale,UTA,F,28,37,31.2,65.1,9.5,14.2,31,0.71,71,0.648,133,0.398,0.615,0.627,7.4,5.0,8.6,2.5,10.4,1.3,0.54,0.97,5.8,125.6,102.8
420,Miye Oni,UTA,G-F,24,16,2.8,5.8,10.2,9.6,1,0.0,1,1.0,8,0.125,0.278,0.265,0.3,0.4,8.6,0.3,13.9,0.0,0.0,0.06,4.7,0.0,0.0
421,Cedi Osman,CLE,F,26,27,22.7,47.3,20.2,8.8,41,0.707,83,0.554,158,0.405,0.589,0.604,11.6,2.7,6.4,1.7,11.8,1.04,0.3,0.93,6.6,115.6,100.6
422,Daniel Oturu,TOR,C,22,3,9.1,19.0,12.8,0.0,5,0.6,5,0.6,1,0.0,0.5,0.549,3.0,1.7,9.9,0.0,0.0,0.0,0.67,0.0,0.0,122.5,112.5
423,Kelly Oubre Jr.,CHA,F-G,26,40,28.2,58.7,23.0,7.0,92,0.674,219,0.58,311,0.373,0.568,0.582,16.6,3.9,7.3,1.2,6.5,1.1,0.35,1.08,6.1,111.5,109.9
424,Jaysean Paige,DET,G,27,1,6.6,13.8,25.9,25.0,0,0.0,1,0.0,2,0.0,0.0,0.0,0.0,1.0,8.1,1.0,20.0,0.0,0.0,1.0,0.0,14.7,83.5
425,Trayvon Palmer,DET,G,27,1,16.8,35.0,5.1,50.0,0,0.0,1,0.0,0,0.0,0.0,0.0,0.0,2.0,6.4,0.0,0.0,1.0,0.0,1.0,0.0,0.0,101.1
426,Kevin Pangos,CLE,G,28,18,8.7,18.2,15.0,13.0,4,0.75,19,0.474,26,0.231,0.4,0.417,2.2,0.6,3.4,1.7,26.1,0.11,0.0,0.39,6.0,100.2,106.1
427,Jabari Parker,BOS,F,26,12,9.4,19.5,19.5,16.0,9,1.0,22,0.455,16,0.5,0.579,0.632,4.4,2.3,13.3,0.5,8.3,0.33,0.08,0.67,7.3,112.8,96.9
428,Eric Paschall,UTA,F,25,27,11.1,23.1,16.2,11.6,33,0.697,37,0.622,48,0.292,0.518,0.558,4.1,1.7,8.3,0.6,7.3,0.11,0.11,0.48,5.8,113.0,105.7
429,Chris Paul,PHX,G,36,39,32.2,67.1,19.7,15.7,119,0.832,316,0.525,116,0.328,0.516,0.563,14.0,4.4,7.1,10.0,43.2,1.87,0.26,2.31,10.6,120.2,101.1
430,Cameron Payne,PHX,G,27,34,20.5,42.7,26.6,15.1,59,0.864,222,0.423,118,0.322,0.444,0.482,10.4,2.9,7.4,3.6,25.8,0.65,0.32,1.91,9.3,96.5,99.8
431,Gary Payton II,GSW,G,29,37,16.8,35.0,15.7,8.5,39,0.59,121,0.769,66,0.409,0.714,0.71,7.8,3.6,11.7,0.8,7.2,1.32,0.24,0.51,6.7,134.1,94.1
432,Elfrid Payton,PHX,G,27,21,12.2,25.3,19.6,19.7,15,0.533,82,0.415,5,0.2,0.408,0.422,3.8,2.1,9.0,1.9,21.1,0.52,0.1,1.1,8.1,87.8,98.8
433,Reggie Perry,POR,F-C,21,2,20.5,42.6,11.6,9.2,2,1.0,7,0.429,2,0.5,0.5,0.557,5.5,3.5,9.4,1.0,6.9,0.5,0.0,0.5,5.2,118.8,103.8
434,Jamorko Pickett,DET,F,24,6,7.8,16.2,11.9,23.1,0,0.0,3,0.0,7,0.143,0.15,0.15,0.5,1.5,10.4,0.2,2.9,0.0,0.17,0.5,2.7,38.8,110.0
435,Theo Pinson,DAL,G-F,26,10,9.3,19.4,14.8,6.5,4,1.0,7,0.429,20,0.25,0.389,0.435,2.5,1.6,9.4,1.2,17.8,0.4,0.2,0.2,7.3,100.9,98.3
436,Mason Plumlee,CHA,F-C,31,31,24.7,51.5,11.6,17.1,71,0.38,142,0.62,1,0.0,0.615,0.583,6.5,7.1,15.1,2.8,14.7,0.87,0.9,1.16,8.2,122.1,103.9
437,Jakob Poeltl,SAS,C,26,31,28.4,59.2,18.3,13.1,76,0.368,298,0.601,0,0.0,0.601,0.582,12.5,8.7,15.9,2.7,13.7,0.61,1.35,1.61,9.4,118.2,102.4
438,Aleksej Pokusevski,OKC,C,20,35,15.2,31.6,19.0,17.1,14,0.5,104,0.452,84,0.226,0.402,0.407,4.5,4.1,13.6,1.1,11.5,0.51,0.49,1.14,7.2,81.8,102.0
439,Yves Pons,MEM,F,22,6,3.5,7.2,7.8,0.0,2,0.0,2,0.0,1,1.0,0.5,0.387,0.5,0.8,12.8,0.0,0.0,0.0,0.0,0.0,0.0,0.0,0.0
440,Jordan Poole,GSW,G,22,32,30.0,62.5,25.4,14.1,100,0.89,193,0.58,243,0.337,0.539,0.582,17.5,3.2,5.8,3.5,18.2,1.0,0.19,2.47,7.7,107.1,98.2
441,Kevin Porter Jr.,HOU,G-F,21,24,29.9,62.4,24.4,22.3,77,0.61,151,0.384,135,0.341,0.444,0.47,12.5,4.2,7.7,5.8,29.4,1.33,0.38,3.83,9.0,90.3,109.6
442,Michael Porter Jr.,DEN,F,23,9,29.5,61.4,20.0,10.1,9,0.556,55,0.491,48,0.208,0.408,0.416,9.9,6.6,12.3,1.9,9.2,1.11,0.22,1.33,6.8,85.6,105.1
443,Otto Porter Jr.,GSW,F,28,32,21.3,44.3,15.2,8.0,19,0.789,82,0.561,128,0.398,0.583,0.595,8.1,5.0,12.9,1.4,9.5,0.94,0.47,0.59,7.2,119.6,98.6
444,Bobby Portis,MIL,F,26,33,28.2,58.8,22.8,10.9,69,0.797,261,0.513,150,0.433,0.563,0.587,15.7,9.2,17.0,1.3,7.5,0.79,0.85,1.64,8.1,115.6,99.7
445,Kristaps Porzingis,DAL,F-C,26,26,30.4,63.4,29.0,7.4,137,0.883,273,0.538,142,0.282,0.499,0.563,20.6,8.0,14.3,2.3,13.5,0.77,1.69,1.46,9.5,115.1,101.1
446,Micah Potter,DET,F,23,3,10.3,21.5,17.8,7.8,2,1.0,9,0.556,2,0.0,0.455,0.505,4.0,3.0,15.7,0.0,0.0,0.33,0.33,0.33,0.0,107.9,100.4
447,Dwight Powell,DAL,F-C,30,39,20.2,42.1,13.4,12.3,78,0.705,144,0.639,28,0.429,0.64,0.666,7.1,4.6,12.5,1.1,8.1,0.51,0.38,0.74,6.5,134.0,98.1
448,Myles Powell,PHI,G,20,4,4.2,8.8,13.0,0.0,2,1.0,2,0.0,2,0.5,0.375,0.512,1.3,0.3,3.3,0.0,0.0,0.0,0.0,0.0,0.0,110.1,91.8
449,Norman Powell,POR,G,28,34,32.9,68.6,23.0,8.8,167,0.82,276,0.493,188,0.399,0.536,0.59,18.6,2.9,4.8,2.1,10.5,0.97,0.44,1.53,5.9,115.1,113.4
450,Joshua Primo,SAS,G,19,15,10.8,22.4,14.3,14.6,6,0.833,18,0.5,26,0.385,0.545,0.568,3.5,1.6,7.7,1.0,11.9,0.4,0.47,0.53,6.6,110.6,105.6
451,Taurean Prince,MIN,F,27,28,15.4,32.0,14.6,11.4,22,0.773,44,0.5,79,0.316,0.484,0.513,4.9,2.1,7.3,0.9,8.2,0.46,0.21,0.61,5.5,103.2,103.8
452,Payton Pritchard,BOS,G,23,31,13.6,28.2,18.8,12.8,8,1.0,55,0.364,98,0.357,0.474,0.489,4.9,1.9,7.4,1.8,19.6,0.16,0.13,0.74,7.5,101.8,106.6
453,Trevelin Queen,HOU,G,20,8,8.6,17.9,23.0,18.8,3,1.0,7,0.714,22,0.364,0.586,0.61,4.6,1.8,11.1,0.4,7.1,0.63,0.0,0.88,6.9,103.2,107.4
454,Neemias Queta,SAC,C,22,3,3.4,7.2,20.7,20.0,0,0.0,4,0.0,0,0.0,0.0,0.0,0.0,1.7,25.8,0.7,23.3,0.0,0.33,0.33,0.0,0.0,0.0
455,Immanuel Quickley,NYK,G,22,36,22.8,47.5,21.2,10.5,71,0.93,131,0.458,189,0.349,0.497,0.547,10.7,2.3,5.4,2.6,18.3,0.64,0.06,1.14,7.0,111.2,104.9
456,Jahmi'us Ramsey,SAC,G,20,14,5.9,12.2,20.4,5.1,10,0.5,22,0.5,11,0.182,0.424,0.441,2.4,0.3,2.6,0.2,5.4,0.07,0.07,0.14,3.6,90.9,114.8
457,Julius Randle,NYK,F-C,27,38,35.5,74.0,27.9,15.5,178,0.764,425,0.471,215,0.316,0.472,0.515,19.5,10.1,15.4,4.9,23.9,0.79,0.58,3.47,11.1,101.8,102.5
458,Austin Reaves,LAL,G,23,21,20.2,42.1,10.2,11.9,20,0.9,32,0.688,48,0.354,0.594,0.636,5.4,2.4,6.2,1.1,7.4,0.33,0.1,0.57,4.8,121.2,107.0
459,Cam Reddish,ATL,F-G,22,33,24.0,50.1,23.1,10.4,80,0.9,190,0.421,153,0.379,0.487,0.537,12.3,2.5,5.7,1.2,7.1,1.06,0.3,1.33,5.5,103.9,111.7
460,Davon Reed,DEN,G,26,12,17.6,36.7,11.0,7.7,5,0.8,26,0.538,20,0.35,0.533,0.55,4.4,3.0,9.4,1.3,10.3,1.17,0.17,0.33,5.9,116.8,99.0
461,Paul Reed,PHI,F,22,19,9.4,19.6,13.0,13.6,6,0.5,38,0.526,4,0.0,0.476,0.482,2.3,2.4,14.2,0.5,8.0,0.63,0.53,0.37,6.0,109.9,94.0
462,Naz Reid,MIN,C-F,22,36,17.1,35.6,22.5,10.6,79,0.722,168,0.542,93,0.344,0.533,0.566,9.3,4.1,12.4,0.8,7.1,0.53,0.94,0.97,7.3,112.0,98.0
463,Nick Richards,CHA,C,24,31,9.2,19.3,15.3,17.3,29,0.828,73,0.685,0,0.0,0.685,0.723,4.0,2.2,12.5,0.4,5.4,0.29,0.61,0.58,6.6,128.8,101.7
464,Josh Richardson,BOS,G,28,28,25.7,53.5,16.9,7.6,58,0.845,132,0.492,98,0.408,0.543,0.585,10.7,2.8,5.8,1.4,8.5,0.89,0.46,0.75,5.4,117.4,104.7
465,Austin Rivers,DEN,G,29,27,19.8,41.2,13.8,11.5,12,0.583,51,0.529,90,0.289,0.468,0.475,5.1,1.6,4.5,1.0,7.1,0.41,0.07,0.7,4.1,92.4,108.2
466,Duncan Robinson,MIA,F,27,37,28.2,58.7,18.2,6.1,30,0.8,67,0.537,323,0.359,0.538,0.551,12.0,3.4,6.7,1.5,7.9,0.68,0.22,0.7,5.6,110.5,102.0
467,Jeremiah Robinson-Earl,OKC,F,21,34,22.5,46.8,15.2,11.6,37,0.703,109,0.486,112,0.339,0.498,0.518,7.2,5.7,12.9,0.8,5.7,0.47,0.29,0.91,5.7,104.8,105.2
468,Justin Robinson,MIL,G,24,17,11.6,24.2,14.9,16.0,2,1.0,20,0.4,37,0.27,0.404,0.415,2.8,0.8,3.5,1.2,14.1,0.47,0.0,0.65,4.8,86.9,104.8
469,Justin Robinson,SAC,G,24,3,5.0,10.4,25.6,11.1,0,0.0,5,0.2,3,0.0,0.125,0.125,0.7,0.3,3.5,0.7,17.4,0.0,0.0,0.33,4.2,37.8,106.8
470,Justin Robinson,DET,G,24,5,18.2,37.9,16.8,14.0,6,0.333,7,0.143,21,0.381,0.464,0.457,5.6,1.4,4.1,1.8,15.1,0.2,0.2,1.0,5.3,91.4,109.3
471,Mitchell Robinson,NYK,C-F,23,36,24.7,51.5,10.3,12.6,72,0.556,149,0.779,0,0.0,0.779,0.753,7.6,8.0,17.4,0.5,3.0,0.5,1.56,0.72,5.1,148.1,100.6
472,Isaiah Roby,OKC,F,23,18,13.7,28.5,19.0,13.9,21,0.762,62,0.581,22,0.5,0.625,0.649,6.7,3.3,12.1,0.7,9.2,0.22,0.33,0.83,7.3,119.1,101.8
473,Rajon Rondo,LAL,G,35,18,16.1,33.5,15.5,31.5,2,0.5,41,0.366,30,0.267,0.38,0.383,3.1,2.7,8.8,3.7,29.9,0.67,0.28,1.83,7.8,84.1,103.8
474,Derrick Rose,NYK,G,33,26,24.5,51.0,22.8,11.9,31,0.968,182,0.467,92,0.402,0.513,0.541,12.0,3.0,6.6,4.0,27.8,0.85,0.46,1.5,8.6,111.6,112.5
475,Terrence Ross,ORL,G-F,30,32,26.2,54.5,21.5,12.0,92,0.88,173,0.491,153,0.301,0.472,0.531,12.2,2.8,5.7,2.2,13.6,0.63,0.22,1.56,6.4,102.4,112.8
476,Terry Rozier,CHA,G,27,31,31.7,66.1,23.1,6.9,66,0.803,238,0.483,232,0.388,0.532,0.554,17.8,3.8,6.3,3.4,15.9,1.16,0.45,1.19,7.7,111.9,115.2
477,Ricky Rubio,CLE,G,31,34,28.5,59.4,24.6,16.5,103,0.854,237,0.38,174,0.339,0.434,0.488,13.1,4.1,7.8,6.6,34.3,1.44,0.21,2.65,9.9,102.0,99.9
478,D'Angelo Russell,MIN,G,25,29,32.9,68.6,26.2,12.9,98,0.806,232,0.453,246,0.337,0.48,0.516,18.6,3.8,6.0,6.8,33.1,0.93,0.55,2.66,9.5,107.2,108.5
479,Domantas Sabonis,IND,F-C,25,39,34.6,72.2,22.4,17.1,218,0.743,383,0.65,97,0.32,0.616,0.654,19.3,11.7,18.8,4.5,20.7,1.03,0.41,3.05,11.6,122.5,102.2
480,Olivier Sarr,OKC,C,22,2,6.8,14.2,12.3,0.0,2,1.0,2,0.5,1,0.0,0.333,0.515,2.0,2.5,18.6,0.0,0.0,0.0,1.0,0.0,0.0,113.2,99.9
481,Tomas Satoransky,NOP,G,30,31,14.9,31.0,12.7,16.8,25,0.76,73,0.37,30,0.167,0.335,0.386,2.8,2.0,7.3,2.3,21.1,0.45,0.03,0.74,6.3,94.8,109.6
482,Jordan Schakel,WAS,G,23,2,7.1,14.8,18.8,0.0,0,0.0,3,0.0,3,0.0,0.0,0.0,0.0,1.5,11.5,0.0,0.0,0.0,0.0,0.0,0.0,28.7,119.4
483,Admiral Schofield,ORL,F,24,10,15.6,32.5,12.3,18.0,1,0.0,19,0.737,17,0.294,0.597,0.59,4.3,2.9,9.9,0.9,8.9,0.1,0.3,0.8,5.7,100.7,102.0
484,Dennis Schroder,BOS,G,28,33,31.9,66.4,24.0,13.4,110,0.873,308,0.484,142,0.331,0.488,0.537,16.2,3.4,5.8,4.5,23.2,0.82,0.06,2.33,7.9,106.1,105.4
485,Trevon Scott,CLE,F,25,2,5.7,11.9,23.0,0.0,0,0.0,5,0.6,1,0.0,0.5,0.5,3.0,1.0,9.5,0.0,0.0,0.5,0.5,0.0,0.0,106.8,87.9
486,Jay Scrubb,LAC,G,21,12,6.0,12.5,23.5,7.8,6,0.667,17,0.471,16,0.313,0.47,0.491,2.9,0.5,4.4,0.6,15.5,0.25,0.25,0.25,6.4,98.2,106.3
487,Wayne Selden,NYK,G,27,3,6.4,13.3,13.4,0.0,4,0.5,2,0.0,2,0.5,0.375,0.434,1.7,0.3,2.8,0.3,7.2,0.0,0.0,0.0,3.3,101.9,112.6
488,Alperen Sengun,HOU,C,19,35,18.4,38.3,22.4,20.0,118,0.703,181,0.541,39,0.308,0.527,0.579,9.0,4.8,14.2,2.6,22.8,0.91,0.86,1.94,10.5,110.4,98.8
489,Collin Sexton,CLE,G,23,11,28.8,59.9,27.5,15.6,39,0.744,106,0.538,45,0.244,0.487,0.523,16.0,3.3,6.1,2.1,11.8,0.91,0.0,2.82,6.7,95.6,102.6
490,Landry Shamet,PHX,G,24,35,20.7,43.0,16.5,7.2,36,0.833,77,0.416,165,0.364,0.504,0.531,7.8,2.1,5.4,1.5,9.9,0.51,0.09,0.57,5.6,108.0,105.5
491,Day'Ron Sharpe,BKN,F,20,12,6.5,13.6,23.6,18.7,13,0.462,26,0.654,3,0.333,0.638,0.619,3.6,3.0,24.3,0.0,0.0,0.17,0.25,0.67,0.0,113.8,91.9
492,Pascal Siakam,TOR,F,27,23,35.3,73.4,25.3,11.8,116,0.716,296,0.52,78,0.321,0.512,0.548,20.3,8.3,12.6,4.4,20.2,0.91,0.83,2.48,10.3,112.0,103.5
493,Chris Silva,MIN,F,25,1,3.5,7.3,0.0,0.0,0,0.0,0,0.0,0,0.0,0.0,0.0,0.0,1.0,15.0,0.0,0.0,0.0,0.0,0.0,0.0,0.0,0.0
494,Chris Silva,MIA,F,25,5,12.3,25.5,15.1,19.1,9,0.889,13,0.615,0,0.0,0.615,0.708,4.8,5.2,23.6,0.6,7.1,0.0,0.0,0.8,8.0,135.9,87.0
495,Marko Simonovic,CHI,C,22,5,3.2,6.8,31.5,17.2,6,0.833,4,0.0,3,0.0,0.0,0.259,1.0,0.6,10.2,0.0,0.0,0.0,0.0,0.4,0.0,0.0,0.0
496,Anfernee Simons,POR,G,22,33,25.4,52.9,22.4,10.2,47,0.957,170,0.494,195,0.39,0.542,0.572,13.4,2.5,5.5,2.6,16.6,0.42,0.15,1.33,7.0,112.4,113.0
497,Jericho Sims,NYK,C,23,11,7.4,15.4,5.3,20.5,4,0.75,6,1.0,0,0.0,1.0,0.966,1.4,1.9,13.9,0.1,1.8,0.18,0.36,0.18,3.5,165.9,106.1
498,Deividas Sirvydis,DET,F-G,21,3,8.9,18.5,16.1,0.0,0,0.0,3,0.0,7,0.143,0.15,0.15,1.0,2.0,12.1,0.3,5.2,1.0,0.33,0.0,3.8,40.0,91.2
499,Javonte Smart,MIL,G,22,13,12.3,25.6,14.6,16.5,6,0.833,25,0.28,18,0.222,0.302,0.34,2.4,1.5,6.2,1.1,11.3,0.31,0.15,0.69,5.1,76.7,106.5
500,Marcus Smart,BOS,G,27,37,34.4,71.6,17.0,14.6,98,0.796,201,0.478,177,0.299,0.464,0.509,11.6,4.0,6.2,5.4,23.0,1.97,0.3,1.95,7.3,106.6,103.9
501,Dennis Smith Jr.,POR,G,24,20,17.2,35.8,19.0,21.3,32,0.688,82,0.439,22,0.273,0.433,0.474,5.6,2.4,7.7,3.3,27.9,1.25,0.45,1.6,8.2,97.4,109.4
502,Ish Smith,CHA,G,33,27,14.4,30.0,19.1,17.0,16,0.563,121,0.397,18,0.444,0.432,0.442,4.8,1.5,5.4,2.8,26.0,0.52,0.26,1.11,7.6,92.9,112.4
503,Jalen Smith,PHX,F-C,21,18,14.1,29.4,21.6,8.6,37,0.838,75,0.573,25,0.24,0.52,0.58,7.5,5.3,19.8,0.2,2.3,0.22,0.56,0.61,5.7,122.4,95.7
504,Xavier Sneed,MEM,F,20,2,3.9,8.0,10.8,0.0,0,0.0,0,0.0,2,0.0,0.0,0.0,0.0,1.0,13.8,0.0,0.0,0.0,0.0,0.0,0.0,0.0,0.0
505,Tony Snell,POR,G,30,26,12.6,26.3,8.6,10.9,3,1.0,12,0.333,44,0.364,0.5,0.515,2.3,1.5,6.7,0.6,6.5,0.19,0.15,0.27,4.0,107.8,111.1
506,Jaden Springer,PHI,G,19,2,2.8,5.8,16.1,50.0,0,0.0,1,1.0,0,0.0,1.0,1.0,1.0,1.0,19.7,0.0,0.0,0.0,1.0,0.5,0.0,0.0,0.0
507,Cassius Stanley,DET,G,22,3,27.7,57.8,15.8,16.3,6,1.0,14,0.5,9,0.444,0.565,0.624,10.7,3.3,6.5,0.7,3.9,1.33,0.67,1.67,4.2,109.8,104.2
508,Nik Stauskas,MIA,G,28,2,11.9,24.7,18.2,0.0,4,0.75,4,0.25,4,0.5,0.5,0.564,5.5,1.5,7.0,0.5,6.1,0.0,0.0,0.0,5.4,127.5,110.5
509,Lance Stephenson,ATL,F,31,6,11.6,24.1,11.2,22.4,2,0.5,10,0.5,3,0.0,0.385,0.396,1.8,2.5,11.7,1.8,20.3,0.0,0.0,0.67,6.9,91.0,105.0
510,Lance Stephenson,IND,F,31,4,22.8,47.4,24.5,11.7,5,0.8,27,0.704,16,0.313,0.616,0.631,14.3,3.3,7.9,6.0,46.4,1.0,0.0,1.5,11.5,128.1,103.7
511,Lamar Stevens,CLE,F,24,25,12.9,27.0,15.3,8.9,18,0.611,62,0.435,33,0.303,0.442,0.462,3.8,2.0,8.5,0.6,6.1,0.24,0.2,0.4,5.1,98.9,99.9
512,Isaiah Stewart,DET,F-C,20,30,25.6,53.4,13.6,14.7,48,0.667,174,0.563,14,0.143,0.537,0.559,7.8,8.4,17.5,1.1,6.9,0.4,1.17,1.2,6.5,111.5,102.0
513,Max Strus,MIA,G-F,25,29,23.3,48.5,18.6,7.4,33,0.758,67,0.612,182,0.418,0.622,0.636,11.6,3.5,8.3,1.2,8.1,0.34,0.07,0.72,6.3,120.8,105.6
514,Jalen Suggs,ORL,G,20,21,27.7,57.8,26.6,18.7,76,0.763,155,0.394,102,0.255,0.389,0.444,12.3,3.4,6.5,3.6,20.7,1.14,0.43,3.19,7.7,84.8,106.2
515,Craig Sword,WAS,G,27,3,6.3,13.2,11.7,20.0,0,0.0,3,1.0,1,0.0,0.75,0.75,2.0,0.0,0.0,0.3,7.8,1.33,0.0,0.33,0.0,115.3,67.0
516,Keifer Sykes,IND,G,28,6,27.5,57.3,15.8,13.3,9,0.889,23,0.522,25,0.36,0.531,0.568,9.8,2.8,5.7,3.7,18.9,0.5,0.17,1.33,6.8,114.0,106.4
517,Jae'Sean Tate,HOU,F,26,38,27.4,57.1,20.3,14.3,107,0.71,275,0.56,104,0.298,0.529,0.56,12.6,5.8,11.6,3.1,17.9,0.87,0.58,1.87,8.9,110.6,104.4
518,Jayson Tatum,BOS,F-G,23,36,36.6,76.2,31.8,10.3,214,0.836,458,0.474,305,0.334,0.485,0.536,25.5,8.4,12.3,3.8,18.6,1.03,0.81,2.72,10.2,106.1,103.1
519,Terry Taylor,IND,G,22,1,0.9,1.9,0.0,0.0,0,0.0,0,0.0,0,0.0,0.0,0.0,0.0,0.0,0.0,1.0,133.5,0.0,0.0,0.0,0.0,0.0,0.0
520,Garrett Temple,NOP,G-F,35,37,19.4,40.5,14.2,13.3,29,0.724,71,0.465,124,0.379,0.531,0.549,6.2,2.9,7.9,1.2,8.9,0.81,0.46,0.86,5.7,106.1,107.0
521,Emanuel Terry,PHX,F,26,3,6.1,12.6,21.3,44.4,0,0.0,5,0.0,0,0.0,0.0,0.0,0.0,4.7,40.2,0.7,12.5,0.0,0.0,1.33,0.0,61.6,79.7
522,Tyrell Terry,MEM,G,21,2,1.6,3.2,13.4,0.0,0,0.0,1,1.0,0,0.0,1.0,1.0,1.0,0.0,0.0,0.0,0.0,0.0,0.0,0.0,0.0,0.0,0.0
523,Jon Teske,MEM,C,20,3,2.6,5.4,10.0,0.0,2,0.0,1,0.0,0,0.0,0.0,0.0,0.0,0.7,13.6,0.3,14.7,0.33,0.0,0.0,0.0,0.0,0.0
524,Daniel Theis,HOU,F-C,29,23,23.5,48.9,16.6,13.8,36,0.694,95,0.611,71,0.268,0.521,0.544,8.6,5.3,12.3,0.8,5.1,0.39,0.65,1.26,5.6,102.8,107.8
525,Brodric Thomas,BOS,G,24,5,4.4,9.1,17.9,22.5,2,1.0,2,0.5,4,0.0,0.167,0.291,0.8,0.8,9.8,0.6,18.2,0.0,0.0,0.4,6.6,71.4,114.4
526,Cam Thomas,BKN,G,20,26,15.5,32.2,20.2,6.9,22,0.818,102,0.51,63,0.222,0.442,0.469,6.3,2.2,7.6,1.2,11.6,0.42,0.15,0.5,6.6,97.2,109.4
527,Isaiah Thomas,LAL,G,32,4,25.3,52.6,21.1,12.0,11,0.727,17,0.412,22,0.227,0.372,0.422,9.3,2.0,4.1,1.5,8.1,0.0,0.5,1.5,4.8,82.9,104.7
528,Isaiah Thomas,DAL,G,32,1,13.3,27.7,26.9,0.0,0,0.0,5,0.6,3,0.0,0.375,0.375,6.0,0.0,0.0,4.0,51.6,0.0,0.0,0.0,0.0,100.4,116.8
529,Matt Thomas,CHI,G,27,13,10.4,21.7,13.9,0.0,2,1.0,16,0.313,26,0.346,0.44,0.455,3.0,0.9,4.9,0.3,3.9,0.23,0.08,0.0,3.6,98.9,111.1
530,Tristan Thompson,SAC,C-F,30,29,15.1,31.5,19.8,14.2,58,0.534,148,0.507,1,1.0,0.513,0.527,6.3,5.4,19.1,0.6,6.2,0.34,0.38,1.0,7.2,109.1,103.7
531,JT Thor,CHA,F,19,10,10.9,22.8,12.6,12.3,8,0.625,9,0.667,16,0.188,0.42,0.456,2.6,1.4,6.7,0.6,6.8,0.4,0.6,0.4,4.8,97.5,106.1
532,Matisse Thybulle,PHI,G-F,24,29,26.0,54.2,10.0,13.7,9,0.889,71,0.69,70,0.286,0.56,0.573,5.7,2.4,5.0,1.1,5.7,1.76,1.14,0.79,3.8,107.1,103.7
533,Killian Tillie,MEM,F-C,23,26,13.6,28.3,13.0,7.2,8,0.625,35,0.371,64,0.328,0.449,0.458,3.6,1.9,7.4,0.5,5.1,0.73,0.5,0.31,4.4,102.8,100.5
534,Xavier Tillman,MEM,F,22,29,14.3,29.8,16.3,12.9,40,0.7,93,0.516,31,0.194,0.46,0.501,4.9,3.2,12.0,1.2,11.7,1.24,0.48,0.72,7.4,109.1,100.7
535,Isaiah Todd,WAS,F,20,9,3.9,8.2,22.3,5.6,4,0.5,5,0.2,10,0.4,0.467,0.477,1.8,1.0,13.9,0.1,4.1,0.22,0.22,0.11,5.8,0.0,0.0
536,Obi Toppin,NYK,F,23,35,16.3,34.0,20.7,11.2,70,0.786,148,0.649,58,0.207,0.553,0.598,8.1,3.8,12.6,1.1,11.3,0.34,0.51,0.86,7.9,117.7,102.9
537,Juan Toscano-Anderson,GSW,F,28,36,16.5,34.3,14.5,20.8,41,0.61,93,0.634,45,0.244,0.547,0.564,4.9,2.9,9.8,2.2,18.3,0.78,0.36,1.14,7.6,107.8,95.6
538,Karl-Anthony Towns,MIN,C-F,26,32,34.3,71.5,27.8,15.8,185,0.827,358,0.556,175,0.417,0.579,0.627,24.1,9.3,14.2,3.6,18.3,1.03,1.22,3.59,10.9,115.7,99.8
539,Gary Trent Jr.,TOR,G-F,22,33,34.0,70.8,20.3,5.8,58,0.845,235,0.477,242,0.368,0.515,0.537,16.4,2.8,4.5,2.1,9.3,1.91,0.36,0.94,5.4,112.3,108.3
540,P.J. Tucker,MIA,F,36,34,28.5,59.4,11.6,12.9,33,0.697,110,0.527,98,0.469,0.611,0.622,8.1,5.7,11.1,2.2,11.0,0.74,0.32,0.97,6.5,125.7,102.6
541,Rayjon Tucker,DEN,G,24,3,9.8,20.3,5.7,0.0,4,0.75,0,0.0,2,0.5,0.75,0.798,2.0,1.3,7.6,1.3,17.1,0.33,0.0,0.0,6.1,187.8,103.0
542,Myles Turner,IND,C-F,25,39,29.8,62.0,17.2,11.3,99,0.747,192,0.661,171,0.357,0.602,0.628,13.1,7.3,13.5,1.1,5.5,0.59,2.87,1.33,6.3,118.6,103.6
543,Jonas Valanciunas,NOP,C,29,36,31.6,65.9,24.1,13.4,143,0.825,408,0.539,86,0.43,0.558,0.601,18.6,11.9,20.4,2.4,13.3,0.56,0.94,2.39,10.3,116.2,102.7
544,Denzel Valentine,CLE,G,28,22,9.3,19.3,15.5,13.9,0,0.0,18,0.278,44,0.409,0.516,0.516,2.9,1.7,10.1,0.5,7.5,0.32,0.0,0.45,5.8,99.5,99.9
545,Jarred Vanderbilt,MIN,F,22,34,25.3,52.8,10.4,16.8,46,0.674,148,0.581,10,0.2,0.563,0.586,6.1,9.0,18.6,1.3,7.0,1.53,0.76,1.06,6.6,121.7,97.1
546,Fred VanVleet,TOR,G,27,33,37.5,78.1,24.0,12.8,109,0.89,260,0.488,301,0.405,0.553,0.589,21.7,5.0,7.2,6.8,28.3,1.64,0.58,2.7,9.6,118.9,107.9
547,Devin Vassell,SAS,G-F,21,32,25.0,52.2,18.4,7.5,30,0.733,155,0.555,154,0.351,0.54,0.552,11.1,3.9,8.1,1.5,8.1,0.97,0.72,0.81,6.4,108.5,105.9
548,Gabe Vincent,MIA,G,25,32,21.8,45.4,18.5,16.5,31,0.774,91,0.527,139,0.374,0.548,0.566,8.6,2.1,5.3,2.9,20.0,0.81,0.22,1.5,6.9,108.4,101.6
549,Nikola Vucevic,CHI,C,31,29,33.3,69.4,23.2,8.8,42,0.667,305,0.469,143,0.343,0.483,0.494,15.9,11.7,19.4,3.4,15.6,1.07,1.1,1.55,10.3,104.1,100.9
550,Dean Wade,CLE,F-C,25,28,20.2,42.2,10.8,6.4,13,0.769,46,0.609,79,0.329,0.536,0.551,5.1,3.5,9.2,1.3,8.4,0.54,0.07,0.32,5.6,119.6,101.3
551,Franz Wagner,ORL,F,20,40,32.2,67.1,21.4,9.9,124,0.839,376,0.484,144,0.368,0.503,0.546,15.7,4.6,7.7,2.6,13.8,1.03,0.5,1.58,7.1,108.4,109.7
552,Moritz Wagner,ORL,F-C,24,30,11.8,24.6,23.5,12.0,53,0.792,60,0.583,86,0.337,0.538,0.588,6.6,2.3,10.6,0.8,11.9,0.2,0.23,0.77,7.8,111.2,98.7
553,Ish Wainright,PHX,F,27,16,6.5,13.6,17.6,16.4,4,0.5,14,0.429,20,0.2,0.353,0.364,1.6,1.3,10.5,0.5,9.7,0.38,0.06,0.44,6.2,85.5,87.3
554,Lonnie Walker IV,SAS,G-F,23,34,22.4,46.6,22.9,9.0,54,0.87,178,0.489,173,0.312,0.479,0.511,11.3,2.9,6.7,2.4,14.8,0.56,0.24,1.09,7.7,102.1,109.0
555,Kemba Walker,NYK,G,31,24,27.3,56.8,22.2,10.1,50,0.84,129,0.426,144,0.403,0.52,0.553,13.6,3.5,7.0,3.6,22.1,0.83,0.21,1.38,8.1,112.9,109.9
556,MJ Walker,PHX,G,23,2,4.2,8.8,20.5,0.0,0,0.0,2,0.0,2,0.0,0.0,0.0,0.0,0.5,6.2,0.5,13.5,1.5,0.0,0.0,0.0,17.2,77.8
557,Derrick Walton Jr.,DET,G,26,3,36.1,75.1,15.3,28.4,4,1.0,13,0.231,13,0.231,0.288,0.342,6.3,3.3,5.0,7.0,27.7,2.0,1.33,3.67,5.8,76.0,107.5
558,Brad Wanamaker,IND,G,32,22,13.3,27.7,15.6,22.0,22,0.909,55,0.4,17,0.235,0.389,0.465,3.5,1.6,6.6,2.2,22.1,0.23,0.27,1.05,6.9,96.0,101.0
559,Brad Wanamaker,WAS,G,32,1,27.1,56.5,10.4,0.0,3,1.0,5,0.4,0,0.0,0.4,0.554,7.0,5.0,10.1,7.0,34.2,2.0,0.0,0.0,9.2,146.8,99.1
560,Duane Washington Jr.,IND,G,21,9,20.9,43.5,22.4,11.4,17,0.765,38,0.421,40,0.275,0.417,0.456,8.7,2.0,5.3,1.9,13.1,0.56,0.11,1.22,6.1,92.4,112.2
561,P.J. Washington,CHA,F,23,23,24.9,51.9,17.2,12.8,42,0.69,79,0.506,106,0.443,0.597,0.614,10.9,5.5,11.6,2.3,12.6,0.65,1.09,1.3,8.3,118.0,107.5
562,Yuta Watanabe,TOR,G-F,27,14,20.5,42.7,16.7,9.8,22,0.545,42,0.452,50,0.38,0.516,0.526,7.6,4.3,11.3,1.1,7.4,0.5,0.57,0.79,6.4,108.3,105.1
563,Tremont Waters,TOR,G,24,2,20.9,43.5,16.3,25.0,0,0.0,3,0.333,9,0.222,0.333,0.333,4.0,2.0,5.2,3.5,21.8,2.0,0.0,2.0,5.8,73.4,107.3
564,Tremont Waters,WAS,G,24,1,8.5,17.7,10.5,0.0,0,0.0,2,0.5,0,0.0,0.5,0.5,2.0,0.0,0.0,0.0,0.0,1.0,0.0,0.0,0.0,99.5,87.7
565,Trendon Watford,POR,F,21,12,6.3,13.2,17.4,9.9,10,0.6,23,0.435,0,0.0,0.435,0.474,2.2,1.6,13.7,0.6,13.6,0.17,0.42,0.25,8.1,105.9,108.0
566,Paul Watson,OKC,G,27,9,17.4,36.2,11.0,10.0,2,0.5,9,0.667,26,0.231,0.429,0.432,3.4,3.0,8.7,0.9,7.5,0.33,0.33,0.44,4.8,90.6,106.5
567,Quinndary Weatherspoon,GSW,G,25,3,5.3,11.0,13.8,20.0,0,0.0,4,1.0,0,0.0,1.0,1.0,2.7,0.3,3.5,0.0,0.0,0.33,0.33,0.33,0.0,130.4,72.3
568,Russell Westbrook,LAL,G,33,40,35.7,74.3,28.0,19.7,220,0.65,513,0.489,140,0.3,0.481,0.514,19.3,8.1,11.9,8.3,35.7,1.15,0.28,4.6,12.2,99.9,102.5
569,Coby White,CHI,G,21,18,24.7,51.5,19.6,10.6,31,0.774,76,0.513,88,0.386,0.549,0.574,11.3,2.6,5.7,2.4,13.9,0.44,0.28,1.17,6.7,110.4,105.1
570,Derrick White,SAS,G,27,37,30.5,63.6,20.7,11.0,122,0.869,246,0.524,194,0.294,0.488,0.542,14.5,3.5,5.9,5.4,24.3,1.19,0.92,1.65,8.5,112.6,107.2
571,Hassan Whiteside,UTA,C,32,35,15.9,33.0,18.8,13.2,87,0.69,172,0.622,0,0.0,0.622,0.652,7.8,6.6,22.6,0.3,3.0,0.2,1.29,0.91,6.3,128.2,89.5
572,Joe Wieskamp,SAS,G-F,22,9,5.6,11.7,16.1,0.0,5,0.4,6,0.667,11,0.364,0.588,0.573,2.4,0.4,4.1,0.3,8.1,0.22,0.22,0.0,4.7,123.5,108.2
573,Aaron Wiggins,OKC,G-F,23,20,21.2,44.1,13.9,11.7,30,0.7,59,0.661,48,0.333,0.589,0.611,7.4,3.1,7.4,1.1,8.2,0.65,0.15,0.8,5.5,115.4,103.7
574,Andrew Wiggins,GSW,F,26,34,31.5,65.6,24.6,9.3,128,0.695,312,0.526,181,0.425,0.567,0.59,19.1,4.5,7.8,1.9,9.8,0.97,0.62,1.65,6.9,111.9,102.7
575,Robert Williams III,BOS,C-F,24,31,28.9,60.3,11.8,15.3,48,0.625,183,0.749,0,0.0,0.749,0.745,9.8,8.9,16.4,1.7,9.3,0.81,2.13,1.19,7.3,143.1,103.4
576,Brandon Williams,POR,G,22,2,5.9,12.3,22.5,0.0,7,0.571,3,0.667,0,0.0,0.667,0.658,4.0,1.0,9.3,1.0,26.5,0.0,0.0,0.0,10.8,146.8,120.7
577,Grant Williams,BOS,F,23,35,22.8,47.5,12.2,12.7,39,0.897,56,0.625,120,0.425,0.634,0.668,7.4,3.4,7.9,1.0,6.3,0.46,0.66,0.8,5.1,124.4,103.6
578,Kenrich Williams,OKC,G-F,27,35,20.7,43.1,15.3,11.3,38,0.553,137,0.496,74,0.392,0.528,0.536,7.0,3.9,9.6,1.9,14.3,1.0,0.14,0.83,7.2,110.8,103.2
579,Lou Williams,ATL,G,35,27,14.4,29.9,24.0,11.7,39,0.846,116,0.397,56,0.304,0.416,0.465,6.5,1.6,6.0,1.5,14.9,0.56,0.07,0.93,6.9,95.2,110.4
580,Patrick Williams,CHI,F,20,5,24.9,52.0,9.4,7.5,4,1.0,17,0.588,6,0.5,0.63,0.666,6.6,2.2,4.9,0.6,3.2,0.6,0.4,0.4,3.3,126.7,107.1
581,Ziaire Williams,MEM,F,20,22,18.1,37.6,14.2,8.9,8,0.75,46,0.565,74,0.284,0.479,0.49,5.5,1.4,4.1,0.6,4.7,0.45,0.27,0.55,3.7,98.7,106.4
582,D.J. Wilson,TOR,F,25,3,15.9,33.1,15.6,11.5,10,0.8,9,0.889,2,0.0,0.727,0.779,8.0,4.7,15.8,1.3,12.5,1.33,0.33,0.67,9.2,147.1,95.5
583,Dylan Windler,CLE,G-F,25,24,10.5,21.8,11.4,15.2,4,0.75,18,0.5,36,0.417,0.583,0.592,2.8,1.9,9.9,0.9,11.4,0.25,0.08,0.42,6.4,116.4,98.3
584,Justise Winslow,LAC,F-G,25,31,11.4,23.7,18.4,18.9,19,0.474,88,0.511,24,0.208,0.469,0.474,3.7,3.0,13.9,1.1,14.5,0.55,0.42,0.9,8.1,91.1,98.3
585,Cassius Winston,WAS,G,23,2,3.4,7.0,25.7,25.8,2,1.0,0,0.0,2,0.0,0.0,0.347,1.0,0.0,0.0,1.0,36.0,0.0,0.0,0.5,0.0,0.0,0.0
586,Robert Woodard II,SAC,F,22,7,2.0,4.3,14.6,20.5,2,1.0,2,0.0,1,1.0,0.5,0.644,0.7,0.3,7.4,0.0,0.0,0.0,0.0,0.14,0.0,0.0,0.0
587,Christian Wood,HOU,F,26,37,30.7,64.0,23.6,10.6,175,0.611,317,0.555,171,0.333,0.536,0.558,17.0,10.2,18.1,2.1,11.6,0.68,0.89,1.81,9.3,109.1,107.2
588,McKinley Wright IV,MIN,G,23,1,4.1,8.5,20.4,50.0,0,0.0,0,0.0,1,1.0,1.5,1.5,3.0,0.0,0.0,0.0,0.0,0.0,0.0,1.0,0.0,73.4,120.6
589,Delon Wright,ATL,G,29,33,17.6,36.6,11.1,14.9,26,0.846,72,0.444,42,0.405,0.504,0.546,4.2,2.9,8.9,2.5,18.2,0.79,0.21,0.67,7.1,121.2,113.0
590,Moses Wright,LAC,F,23,1,1.5,3.1,0.0,0.0,0,0.0,0,0.0,0,0.0,0.0,0.0,0.0,0.0,0.0,1.0,82.6,0.0,0.0,0.0,0.0,0.0,0.0
591,Thaddeus Young,SAS,F,33,23,14.1,29.3,18.9,15.9,18,0.444,111,0.586,3,0.0,0.57,0.566,6.0,3.4,12.6,2.4,24.4,0.87,0.26,1.0,10.4,115.2,101.5
592,Trae Young,ATL,G,23,34,34.7,72.2,35.5,14.6,234,0.897,468,0.502,251,0.375,0.523,0.585,28.3,4.1,6.3,9.6,48.5,0.91,0.09,4.15,11.9,116.1,113.4
593,Omer Yurtseven,MIA,C,23,31,14.8,30.8,19.5,13.9,41,0.634,149,0.483,7,0.143,0.471,0.497,5.6,6.4,23.9,1.0,10.3,0.48,0.52,0.9,8.9,105.9,92.8
594,Cody Zeller,POR,F-C,29,25,13.2,27.5,15.8,15.0,47,0.766,77,0.597,4,0.0,0.568,0.629,5.1,4.6,19.0,0.8,9.0,0.32,0.24,0.72,8.1,128.6,100.0
595,Ivica Zubac,LAC,C,24,36,24.9,51.8,14.5,16.5,114,0.737,197,0.66,0,0.0,0.66,0.696,9.6,8.2,17.2,1.1,6.4,0.53,1.17,1.36,7.1,130.7,98.5
596,Tyler Johnson,SAS,G,29,1,12.3,25.6,3.4,100.0,0,0.0,0,0.0,0,0.0,0.0,0.0,0.0,2.0,8.4,2.0,18.1,0.0,0.0,1.0,0.0,0.0,111.6
597,Anthony Lamb,SAS,F,23,1,3.9,8.1,10.8,0.0,0,0.0,0,0.0,1,0.0,0.0,0.0,0.0,1.0,13.2,1.0,28.6,0.0,0.0,0.0,0.0,0.0,0.0
598,Charlie Brown Jr.,PHI,G,23,1,12.4,25.8,12.5,29.1,1,1.0,2,0.5,0,0.0,0.5,0.615,3.0,3.0,13.3,1.0,11.0,2.0,1.0,1.0,6.7,110.9,96.3
599,Braxton Key,PHI,F,24,1,2.4,5.0,18.8,0.0,0,0.0,0,0.0,1,0.0,0.0,0.0,0.0,1.0,23.0,1.0,51.2,0.0,0.0,0.0,0.0,0.0,0.0
600,Langston Galloway,MIL,G,30,2,18.5,38.5,12.7,0.0,0,0.0,5,0.2,6,0.0,0.091,0.091,1.0,4.5,12.8,3.5,23.1,0.5,0.0,0.0,5.4,68.4,108.3
601,Luke Kornet,MIL,F-C,26,1,3.0,6.3,14.3,0.0,0,0.0,1,0.0,0,0.0,0.0,0.0,0.0,1.0,17.5,0.0,0.0,0.0,0.0,0.0,0.0,0.0,0.0
602,Jeff Dowtin,MIL,G,24,1,3.0,6.3,14.3,0.0,0,0.0,0,0.0,1,0.0,0.0,0.0,0.0,0.0,0.0,0.0,0.0,0.0,0.0,0.0,0.0,0.0,0.0
603,Danuel House Jr.,UTA,F-G,28,2,19.3,40.1,9.9,11.3,2,1.0,1,1.0,6,0.5,0.786,0.825,6.5,2.5,7.0,2.0,13.7,0.0,0.5,0.5,6.6,160.4,100.7
604,Norvel Pelle,UTA,C,28,2,5.5,11.5,23.5,16.7,0,0.0,5,0.6,0,0.0,0.6,0.6,3.0,2.5,24.6,0.0,0.0,0.0,0.5,0.5,0.0,118.3,112.2
605,Greg Monroe,WAS,F-C,31,1,14.1,29.4,22.1,0.0,0,0.0,7,0.571,0,0.0,0.571,0.571,8.0,7.0,27.1,1.0,13.0,1.0,1.0,0.0,10.9,140.5,102.7
606,Jordan Bell,CHI,F,27,1,2.0,4.2,0.0,0.0,0,0.0,0,0.0,0,0.0,0.0,0.0,0.0,1.0,27.6,0.0,0.0,1.0,0.0,0.0,0.0,0.0,0.0
607,Rajon Rondo,CLE,G,35,1,16.8,35.0,32.9,7.9,6,0.833,1,0.0,8,0.25,0.333,0.473,11.0,5.0,16.1,3.0,25.2,1.0,0.0,1.0,13.1,105.0,83.2
